borough_join,year,check_in,income,bu,bur,br,kinder,dist,train,unempl,pop_density,greenery,average_b_waw,TERYT,borough,county
baranow,2008,3,0.408650966,0,0,1,0.5,38.61,0,0.019,0.650783117,4,0.008949134,1405032,Baranów,grodziski
baranow,2009,3,0.415669718,0,0,1,0.5,38.61,0,0.033,0.651181311,4,0.013230803,1405032,Baranów,grodziski
baranow,2010,3,0.423385224,0,0,1,20.15316405,38.61,0,0.035,0.658614282,4,0.0096559,1405032,Baranów,grodziski
baranow,2011,0,0.458700774,0,0,1,19.9920032,38.61,0,0.037,0.663923547,4,0.005604118,1405032,Baranów,grodziski
baranow,2012,3,0.468722889,0,0,1,19.82160555,38.61,0,0.05,0.669631006,4,0.006182423,1405032,Baranów,grodziski
baranow,2013,3,0.495511068,0,0,1,19.73164957,38.61,0,0.043,0.672683833,4,0.007599938,1405032,Baranów,grodziski
baranow,2014,3,0.479006887,0,0,1,19.60399922,38.61,0,0.036,0.677063977,4,0.0123141,1405032,Baranów,grodziski
baranow,2015,20,0.484520834,0,0,1,19.25298421,38.61,0,0.031,0.689408017,4,0.008001426,1405032,Baranów,grodziski
baranow,2016,26,0.493989192,0,0,1,19.08396947,38.61,0,0.028,0.695513671,5.45,0.05844377,1405032,Baranów,grodziski
baranow,2017,3,0.519539734,0,0,1,19.02225604,38.61,0,0.023,0.697770109,5.45,0.017456366,1405032,Baranów,grodziski
baranow,2018,21,0.513339185,0,0,1,18.94298163,38.61,0,0.018,0.700690204,5.45,0.025044544,1405032,Baranów,grodziski
baranow,2019,20,NA,0,0,1,NA,NA,NA,NA,NA,NA,NA,1405032,Baranów,grodziski
blonie,2008,65,0.833957042,0,1,0,29.74419988,27.23,0,0.02,2.357092779,62.4,0.087623157,1432013,Błonie,warszawski zachodni
blonie,2009,54,0.790978908,0,1,0,34.68437221,27.23,0,0.036,2.358261276,71.8,0.0822822,1432013,Błonie,warszawski zachodni
blonie,2010,96,0.747699364,0,1,0,38.50967556,27.23,0,0.036,2.427436317,117.4,0.083431005,1432013,Błonie,warszawski zachodni
blonie,2011,95,0.75239202,0,1,0,38.25554705,27.23,0,0.048,2.44356158,118.2,0.126050845,1432013,Błonie,warszawski zachodni
blonie,2012,79,0.742032267,0,1,0,42.80618312,27.23,0,0.053,2.456765599,117.2,0.253471404,1432013,Błonie,warszawski zachodni
blonie,2013,100,0.78637111,0,1,0,47.31935835,27.23,0,0.054,2.46938537,116.34,0.231983036,1432013,Błonie,warszawski zachodni
blonie,2014,53,0.776701613,0,1,0,51.84766214,27.23,0,0.044,2.479083898,116.34,0.100827932,1432013,Błonie,warszawski zachodni
blonie,2015,63,0.760110422,0,1,0,42.27138227,27.23,0,0.034,2.487847628,112.99,0.301461935,1432013,Błonie,warszawski zachodni
blonie,2016,81,0.754032354,0,1,0,42.14272336,27.23,0,0.02,2.49544286,112.61,0.427624702,1432013,Błonie,warszawski zachodni
blonie,2017,92,0.763281376,0,1,0,46.44681839,27.23,0,0.016,2.515774714,112.61,0.362305045,1432013,Błonie,warszawski zachodni
blonie,2018,62,0.740305993,0,1,0,37.02846563,27.23,0,0.015,2.524538444,119.99,0.411649585,1432013,Błonie,warszawski zachodni
blonie,2019,66,NA,0,1,0,NA,NA,NA,NA,NA,NA,NA,1432013,Błonie,warszawski zachodni
brwinow,2008,177,1.282764116,0,1,0,27.08314526,22.26,1,0.032,3.198671672,38.9,0.322676182,1421033,Brwinów,pruszkowski
brwinow,2009,227,1.259989118,0,1,0,30.83836292,22.26,1,0.044,3.27736067,53.9,0.283229947,1421033,Brwinów,pruszkowski
brwinow,2010,221,1.238053703,0,1,0,29.81133683,22.26,1,0.048,3.390268553,54.5,0.301269412,1421033,Brwinów,pruszkowski
brwinow,2011,198,1.178258843,0,1,0,33.31945023,22.26,1,0.043,3.466647416,47.2,0.388780385,1421033,Brwinów,pruszkowski
brwinow,2012,160,1.174757142,0,1,0,32.80705352,22.26,1,0.054,3.520791221,47.2,0.387678325,1421033,Brwinów,pruszkowski
brwinow,2013,218,1.181696194,0,1,0,40.36326942,22.26,1,0.06,3.57710078,51.74,0.386581093,1421033,Brwinów,pruszkowski
brwinow,2014,178,1.15970654,0,1,0,39.82477101,22.26,1,0.05,3.625469246,55.64,0.414348066,1421033,Brwinów,pruszkowski
brwinow,2015,190,1.170110136,0,1,0,39.31126661,22.26,1,0.047,3.672827029,59.36,0.363598198,1421033,Brwinów,pruszkowski
brwinow,2016,159,1.204730006,0,1,0,38.84400249,22.26,1,0.041,3.717008374,95.36,0.294539005,1421033,Brwinów,pruszkowski
brwinow,2017,186,1.204864844,0,1,0,38.21607368,22.26,1,0.032,3.778082587,95.36,0.232352436,1421033,Brwinów,pruszkowski
brwinow,2018,195,1.166416672,0,1,0,37.90032215,22.26,1,0.028,3.809558187,78.82,0.207462639,1421033,Brwinów,pruszkowski
brwinow,2019,249,NA,0,1,0,NA,NA,NA,NA,NA,NA,NA,1421033,Brwinów,pruszkowski
ceglow,2008,0,0.310088689,0,0,1,31.89284006,50.32,1,0.032,0.655756562,2.2,0.003754561,1412042,Cegłów,miński
ceglow,2009,6,0.349344333,0,0,1,32.0564193,50.32,1,0.033,0.652410331,2.2,0.005215561,1412042,Cegłów,miński
ceglow,2010,9,0.3901491,0,0,1,32.03588019,50.32,1,0.041,0.65282861,3.6,0.004499957,1412042,Cegłów,miński
ceglow,2011,13,0.425089258,0,0,1,32.15951118,50.32,1,0.045,0.650318938,3.6,0.011146528,1412042,Cegłów,miński
ceglow,2012,20,0.427374089,0,0,1,32.34152652,50.32,1,0.065,0.646658998,3.6,0.004814122,1412042,Cegłów,miński
ceglow,2013,10,0.454613704,0,0,1,32.36245955,50.32,1,0.07,0.646240719,3.6,0.003985873,1412042,Cegłów,miński
ceglow,2014,3,0.461366381,0,0,1,48.25478527,50.32,1,0.062,0.650109798,3.6,0.013124797,1412042,Cegłów,miński
ceglow,2015,8,0.471382814,0,0,1,32.28931224,50.32,1,0.046,0.647704695,3.6,0.016619913,1412042,Cegłów,miński
ceglow,2016,3,0.472741763,0,0,1,32.20093383,50.32,1,0.038,0.64948238,6.1,0.010401805,1412042,Cegłów,miński
ceglow,2017,6,0.512197474,0,0,1,32.5414904,50.32,1,0.032,0.64268535,9.01,0.010645649,1412042,Cegłów,miński
ceglow,2018,0,0.497784724,0,0,1,32.49918752,50.32,1,0.028,0.643521907,9.01,0.00897763,1412042,Cegłów,miński
ceglow,2019,3,NA,0,0,1,NA,NA,NA,NA,NA,NA,NA,1412042,Cegłów,miński
celestynow,2008,27,0.577384117,0,0,1,17.83643985,31.88,1,0.035,1.261021143,18.8,0.011392899,1417032,Celestynów,otwocki
celestynow,2009,6,0.626932077,0,0,1,17.75252974,31.88,1,0.048,1.266981556,18.6,0.017167555,1417032,Celestynów,otwocki
celestynow,2010,7,0.678656367,0,0,1,26.31809808,31.88,1,0.049,1.281938821,18.6,0.016384624,1417032,Celestynów,otwocki
celestynow,2011,34,0.72726114,0,0,1,17.48098942,31.88,1,0.054,1.286662168,81.8,0.03071061,1417032,Celestynów,otwocki
celestynow,2012,25,0.788741836,0,0,1,17.32051615,31.88,1,0.059,1.298582996,81.8,0.03717389,1417032,Celestynów,otwocki
celestynow,2013,17,0.830832745,0,0,1,25.91568763,31.88,1,0.06,1.301844354,23.36,0.027991811,1417032,Celestynów,otwocki
celestynow,2014,13,0.795425621,0,0,1,25.84647196,31.88,1,0.046,1.305330634,23.36,0.02800614,1417032,Celestynów,otwocki
celestynow,2015,11,0.832469696,0,0,1,34.41452293,31.88,1,0.044,1.307130004,19.16,0.012986033,1417032,Celestynów,otwocki
celestynow,2016,11,0.844513762,0,0,1,34.24071221,31.88,1,0.036,1.313765182,19.18,0.017330503,1417032,Celestynów,otwocki
celestynow,2017,10,0.778956744,0,0,1,25.72457554,31.88,1,0.03,1.311515969,19.18,0.022350539,1417032,Celestynów,otwocki
celestynow,2018,22,0.807620711,0,0,1,25.68493151,31.88,1,0.026,1.313540261,19.04,0.020735234,1417032,Celestynów,otwocki
celestynow,2019,26,NA,0,0,1,NA,NA,NA,NA,NA,NA,NA,1417032,Celestynów,otwocki
czosnow,2008,63,0.803145777,0,0,1,11.10864252,26.34,0,0.031,0.700817439,10.4,0.023812151,1414022,Czosnów,nowodworski
czosnow,2009,70,0.830874223,0,0,1,21.87705097,26.34,0,0.038,0.711716621,11.6,0.015657129,1414022,Czosnów,nowodworski
czosnow,2010,92,0.860391102,0,0,1,21.25624402,26.34,0,0.052,0.732502919,11.6,0.027693676,1414022,Czosnów,nowodworski
czosnow,2011,97,0.757513578,0,0,1,31.66561115,26.34,0,0.049,0.737563254,12.2,0.040547919,1414022,Czosnów,nowodworski
czosnow,2012,72,0.787324277,0,0,1,51.98045535,26.34,0,0.051,0.748851693,12.2,0.030391691,1414022,Czosnów,nowodworski
czosnow,2013,105,0.813706854,0,0,1,51.5995872,26.34,0,0.055,0.754379136,12.16,0.037817623,1414022,Czosnów,nowodworski
czosnow,2014,88,0.804039919,0,0,1,50.98919029,26.34,0,0.05,0.763409887,12.16,0.054416265,1414022,Czosnów,nowodworski
czosnow,2015,36,0.818555414,0,0,1,60.90133983,26.34,0,0.039,0.766991047,10.72,0.051802162,1414022,Czosnów,nowodworski
czosnow,2016,54,0.838627597,0,0,1,71.13821138,26.34,0,0.036,0.766056831,11.82,0.021944037,1414022,Czosnów,nowodworski
czosnow,2017,58,0.899212981,0,0,1,70.57874571,26.34,0,0.032,0.772129233,11.82,0.048549578,1414022,Czosnów,nowodworski
czosnow,2018,63,0.849205208,0,0,1,80.42625917,26.34,0,0.029,0.774386921,11.28,0.055969756,1414022,Czosnów,nowodworski
czosnow,2019,63,NA,0,0,1,NA,NA,NA,NA,NA,NA,NA,1414022,Czosnów,nowodworski
dabrowka,2008,25,0.314924714,0,0,1,14.0469167,34.34,0,0.032,0.651803699,2.6,0.014624418,1434052,Dąbrówka,wołomiński
dabrowka,2009,77,0.323489073,0,0,1,13.68925394,34.34,0,0.054,0.668833547,2.6,0.017688533,1434052,Dąbrówka,wołomiński
dabrowka,2010,72,0.332685279,0,0,1,26.45152758,34.34,0,0.056,0.692272478,2.6,0.019112168,1434052,Dąbrówka,wołomiński
dabrowka,2011,45,0.361059424,0,0,1,26.19172342,34.34,0,0.063,0.699139352,2.6,0.019115841,1434052,Dąbrówka,wołomiński
dabrowka,2012,34,0.410952366,0,0,1,25.92688618,34.34,0,0.085,0.706280901,2.6,0.004422209,1434052,Dąbrówka,wołomiński
dabrowka,2013,36,0.42422563,0,0,1,25.73340196,34.34,0,0.096,0.711591284,2.6,0.01125831,1434052,Dąbrówka,wołomiński
dabrowka,2014,16,0.440358957,0,0,1,25.51345835,34.34,0,0.086,0.717725691,3.34,0.012935604,1434052,Dąbrówka,wołomiński
dabrowka,2015,29,0.445398915,0,0,1,25.23659306,34.34,0,0.081,0.725599707,4.41,0.008011409,1434052,Dąbrówka,wołomiński
dabrowka,2016,47,0.485380386,0,0,1,24.96878901,34.34,0,0.063,0.733382164,4.41,0.010250048,1434052,Dąbrówka,wołomiński
dabrowka,2017,31,0.505881705,0,0,1,24.90039841,34.34,0,0.046,0.735396448,4.41,0.009734651,1434052,Dąbrówka,wołomiński
dabrowka,2018,26,0.513944813,0,0,1,24.70050636,34.34,0,0.04,0.741347739,4.41,0.01438947,1434052,Dąbrówka,wołomiński
dabrowka,2019,40,NA,0,0,1,NA,NA,NA,NA,NA,NA,NA,1434052,Dąbrówka,wołomiński
debewielkie,2008,48,0.435440678,0,0,1,34.99358451,29.52,1,0.032,1.103062275,16,0.013196699,1412052,Dębe Wielkie,miński
debewielkie,2009,32,0.4579154,0,0,1,34.61005999,29.52,1,0.037,1.115285641,16,0.020984363,1412052,Dębe Wielkie,miński
debewielkie,2010,54,0.481583545,0,0,1,32.9561683,29.52,1,0.037,1.17125579,16,0.02349378,1412052,Dębe Wielkie,miński
debewielkie,2011,68,0.497382009,0,0,1,32.33107016,29.52,1,0.046,1.193901184,16,0.026622232,1412052,Dębe Wielkie,miński
debewielkie,2012,26,0.502674426,0,0,1,31.94888179,29.52,1,0.053,1.208183222,16,0.011099316,1412052,Dębe Wielkie,miński
debewielkie,2013,44,0.508290287,0,0,1,52.27391532,29.52,1,0.061,1.230699949,16,0.012425585,1412052,Dębe Wielkie,miński
debewielkie,2014,36,0.501993272,0,0,1,41.23286259,29.52,1,0.05,1.248198662,16,0.013531715,1412052,Dębe Wielkie,miński
debewielkie,2015,36,0.544593472,0,0,1,40.72075741,29.52,1,0.039,1.263896037,16,0.020648506,1412052,Dębe Wielkie,miński
debewielkie,2016,37,0.579551282,0,0,1,40.11633738,29.52,1,0.03,1.282938755,16,0.045391921,1412052,Dębe Wielkie,miński
debewielkie,2017,58,0.561312202,0,0,1,39.1121541,29.52,1,0.027,1.315877509,16,0.023454648,1412052,Dębe Wielkie,miński
debewielkie,2018,60,0.55677055,0,0,1,38.56165044,29.52,1,0.025,1.334662892,16,0.011653324,1412052,Dębe Wielkie,miński
debewielkie,2019,72,NA,0,0,1,NA,NA,NA,NA,NA,NA,NA,1412052,Dębe Wielkie,miński
dobre,2008,6,0.269344639,0,0,1,16.88048616,47.42,0,0.025,0.474451386,3.9,0.003631883,1412062,Dobre,miński
dobre,2009,6,0.288203635,0,0,1,33.8066261,47.42,0,0.032,0.473658927,4,0.003348175,1412062,Dobre,miński
dobre,2010,3,0.307949913,0,0,1,33.16199635,47.42,0,0.037,0.482866293,4.7,0.004715611,1412062,Dobre,miński
dobre,2011,10,0.337711758,0,0,1,33.25573661,47.42,0,0.039,0.481505204,8.7,0.004101535,1412062,Dobre,miński
dobre,2012,19,0.354409729,0,0,1,33.21155762,47.42,0,0.059,0.482145717,8.7,0.004447979,1412062,Dobre,miński
dobre,2013,23,0.377609976,0,0,1,33.26679973,47.42,0,0.063,0.481345076,8.7,0.013081165,1412062,Dobre,miński
dobre,2014,11,0.363797372,0,0,1,33.33333333,47.42,0,0.05,0.480384307,8.7,0.004183801,1412062,Dobre,miński
dobre,2015,6,0.362472467,0,0,1,33.24468085,47.42,0,0.043,0.481665332,8.7,0.004673699,1412062,Dobre,miński
dobre,2016,14,0.363557667,0,0,1,33.18400531,47.42,0,0.032,0.482546037,8.7,0.011949915,1412062,Dobre,miński
dobre,2017,3,0.387186589,0,0,1,33.18400531,47.42,0,0.025,0.482546037,8.7,0.004843935,1412062,Dobre,miński
dobre,2018,3,0.383500811,0,0,1,33.31112592,47.42,0,0.025,0.480704564,8.7,0.00349973,1412062,Dobre,miński
dobre,2019,3,NA,0,0,1,NA,NA,NA,NA,NA,NA,NA,1412062,Dobre,miński
gmmm,2008,14,0.424507686,0,0,1,7.478872186,38.4,1,0.039,1.19054403,11.2,0.01239763,1412112,Mińsk Mazowiecki 2,miński
gmmm,2009,21,0.469469815,0,0,1,7.350779183,38.4,1,0.05,1.211290179,9.9,0.014437005,1412112,Mińsk Mazowiecki 2,miński
gmmm,2010,11,0.516288668,0,0,1,7.180297264,38.4,1,0.061,1.240049862,9.9,0.010419818,1412112,Mińsk Mazowiecki 2,miński
gmmm,2011,15,0.53503686,0,0,1,14.17333995,38.4,1,0.061,1.256433087,9.9,0.014252313,1412112,Mińsk Mazowiecki 2,miński
gmmm,2012,6,0.544162986,0,0,1,20.94533268,38.4,1,0.065,1.275309411,9.9,0.029347684,1412112,Mińsk Mazowiecki 2,miński
gmmm,2013,29,0.606476801,0,0,1,20.50861362,38.4,1,0.071,1.302466388,24.4,0.013976854,1412112,Mińsk Mazowiecki 2,miński
gmmm,2014,3,0.636231251,0,0,1,27.17022144,38.4,1,0.065,1.310836079,24.4,0.010671966,1412112,Mińsk Mazowiecki 2,miński
gmmm,2015,9,0.596461106,0,0,1,33.65643511,38.4,1,0.05,1.32276734,15.62,0.01781714,1412112,Mińsk Mazowiecki 2,miński
gmmm,2016,8,0.591741288,0,0,1,33.08191081,38.4,1,0.039,1.345739471,12.72,0.034267705,1412112,Mińsk Mazowiecki 2,miński
gmmm,2017,0,0.613178496,0,0,1,26.21575567,38.4,1,0.03,1.358561125,12.72,0.018251371,1412112,Mińsk Mazowiecki 2,miński
gmmm,2018,31,0.79700722,0,0,1,56.37393073,38.4,1,0.032,3.632713026,12.72,0.01871861,1412112,Mińsk Mazowiecki 2,miński
gmmm,2019,19,NA,0,0,1,NA,NA,NA,NA,NA,NA,NA,1412112,Mińsk Mazowiecki 2,miński
gorakalwaria,2008,125,0.715103639,0,1,0,24.43295191,31.31,1,0.04,1.703927283,53.7,0.11807701,1418013,Góra Kalwaria,piaseczyński
gorakalwaria,2009,105,0.691485095,0,1,0,28.20306205,31.31,1,0.056,1.722175964,71.7,0.11689996,1418013,Góra Kalwaria,piaseczyński
gorakalwaria,2010,107,0.668006118,0,1,0,27.58946871,31.31,1,0.065,1.76047738,71.7,0.054965939,1418013,Góra Kalwaria,piaseczyński
gorakalwaria,2011,103,0.671058787,0,1,0,31.29523139,31.31,1,0.06,1.773730225,63.8,0.053609338,1418013,Góra Kalwaria,piaseczyński
gorakalwaria,2012,105,0.682524735,0,1,0,35.01809268,31.31,1,0.07,1.783305579,63.8,0.055186253,1418013,Góra Kalwaria,piaseczyński
gorakalwaria,2013,116,0.618811693,0,1,0,46.46120489,31.31,1,0.065,1.79211768,61.94,0.144413576,1418013,Góra Kalwaria,piaseczyński
gorakalwaria,2014,111,0.683941208,0,1,0,53.94990366,31.31,1,0.06,1.800582848,61.94,0.20037663,1418013,Góra Kalwaria,piaseczyński
gorakalwaria,2015,87,0.705555086,0,1,0,53.3455266,31.31,1,0.055,1.820982515,67.5,0.182821214,1418013,Góra Kalwaria,piaseczyński
gorakalwaria,2016,66,0.715234719,0,1,0,53.04436782,31.31,1,0.049,1.831321121,74.84,0.145700753,1418013,Góra Kalwaria,piaseczyński
gorakalwaria,2017,83,0.706432325,0,1,0,52.67316302,31.31,1,0.041,1.844227033,74.84,0.122272588,1418013,Góra Kalwaria,piaseczyński
gorakalwaria,2018,81,0.698715499,0,1,0,52.29344091,31.31,1,0.038,1.857618651,76.22,0.147762552,1418013,Góra Kalwaria,piaseczyński
gorakalwaria,2019,109,NA,0,1,0,NA,NA,NA,NA,NA,NA,NA,1418013,Góra Kalwaria,piaseczyński
grodziskmaz,2008,163,0.874423708,0,1,0,23.11544882,29.29,1,0.025,3.62759713,126.3,0.042939469,1405043,Grodzisk Mazowiecki,grodziski
grodziskmaz,2009,251,0.889123011,0,1,0,27.80024262,29.29,1,0.037,3.686574117,123.7,0.035860654,1405043,Grodzisk Mazowiecki,grodziski
grodziskmaz,2010,334,0.905303614,0,1,0,33.35239184,29.29,1,0.04,3.908379888,123.7,0.047779147,1405043,Grodzisk Mazowiecki,grodziski
grodziskmaz,2011,301,0.91018575,0,1,0,35.09921378,29.29,1,0.041,3.979143389,121.5,0.035613012,1405043,Grodzisk Mazowiecki,grodziski
grodziskmaz,2012,251,0.921712868,0,1,0,39.21297257,29.29,1,0.047,4.036592179,121.5,0.041598633,1405043,Grodzisk Mazowiecki,grodziski
grodziskmaz,2013,252,0.949912268,0,1,0,40.88214586,29.29,1,0.047,4.099534451,125.02,0.072237924,1405043,Grodzisk Mazowiecki,grodziski
grodziskmaz,2014,285,0.97157995,0,1,0,42.48848338,29.29,1,0.039,4.163687151,125.32,0.084364273,1405043,Grodzisk Mazowiecki,grodziski
grodziskmaz,2015,198,0.948241195,0,1,0,46.39961113,29.29,1,0.033,4.21405959,121.66,0.161738351,1405043,Grodzisk Mazowiecki,grodziski
grodziskmaz,2016,235,0.955461386,0,1,0,47.99616031,29.29,1,0.026,4.267877095,127.92,0.198692933,1405043,Grodzisk Mazowiecki,grodziski
grodziskmaz,2017,218,0.962769863,0,1,0,51.42379636,29.29,1,0.021,4.345530726,138.92,0.190994501,1405043,Grodzisk Mazowiecki,grodziski
grodziskmaz,2018,329,0.933807325,0,1,0,48.27774396,29.29,1,0.019,4.4358473,140.24,0.211785242,1405043,Grodzisk Mazowiecki,grodziski
grodziskmaz,2019,463,NA,0,1,0,NA,NA,NA,NA,NA,NA,NA,1405043,Grodzisk Mazowiecki,grodziski
halinow,2008,133,0.512668034,0,1,0,29.44640754,23.12,1,0.025,2.153114598,19.9,0.030041236,1412073,Halinów,miński
halinow,2009,157,0.584826606,0,1,0,28.98970865,23.12,1,0.033,2.187034395,21,0.035720699,1412073,Halinów,miński
halinow,2010,155,0.659764596,0,1,0,28.23861631,23.12,1,0.039,2.245205262,21,0.03915868,1412073,Halinów,miński
halinow,2011,129,0.693836239,0,1,0,34.52085059,23.12,1,0.044,2.295767951,21,0.036649354,1412073,Halinów,miński
halinow,2012,134,0.712503114,0,1,0,47.3965739,23.12,1,0.049,2.340941512,21,0.031050662,1412073,Halinów,miński
halinow,2013,151,0.710381606,0,1,0,39.8142004,23.12,1,0.055,2.388651133,21,0.033448927,1412073,Halinów,miński
halinow,2014,186,0.721147452,0,1,0,39.11087934,23.12,1,0.046,2.431605643,21,0.028357159,1412073,Halinów,miński
halinow,2015,99,0.742039384,0,1,0,45.08275906,23.12,1,0.037,2.461087336,21,0.038147047,1412073,Halinów,miński
halinow,2016,142,0.748703094,0,1,0,44.4500889,23.12,1,0.031,2.496116659,21,0.045003437,1412073,Halinów,miński
halinow,2017,87,0.774109427,0,1,0,43.95328394,23.12,1,0.028,2.524330322,21,0.051193003,1412073,Halinów,miński
halinow,2018,133,0.744737275,0,1,0,43.27933721,23.12,1,0.025,2.563639246,21,0.024349613,1412073,Halinów,miński
halinow,2019,159,NA,0,1,0,NA,NA,NA,NA,NA,NA,NA,1412073,Halinów,miński
izabelin,2008,126,2.089882881,0,0,1,38.89537145,14.86,0,0.028,1.581910475,22.2,0.154261842,1432022,Izabelin,warszawski zachodni
izabelin,2009,141,2.036631542,0,0,1,47.97543658,14.86,0,0.036,1.603137979,22.6,0.07289768,1432022,Izabelin,warszawski zachodni
izabelin,2010,167,1.984262464,0,0,1,49.10626596,14.86,0,0.041,1.566220581,22.6,0.091472939,1432022,Izabelin,warszawski zachodni
izabelin,2011,168,1.911564249,0,0,1,48.34187373,14.86,0,0.045,1.590986002,21.6,0.082980499,1432022,Izabelin,warszawski zachodni
izabelin,2012,121,1.852959321,0,0,1,47.87437763,14.86,0,0.05,1.606522074,21.6,0.092021771,1432022,Izabelin,warszawski zachodni
izabelin,2013,153,1.989085882,0,0,1,47.51496721,14.86,0,0.053,1.61867405,22.41,0.074942686,1432022,Izabelin,warszawski zachodni
izabelin,2014,139,1.865640175,0,0,1,47.39785762,14.86,0,0.047,1.622673435,22.33,0.090391278,1432022,Izabelin,warszawski zachodni
izabelin,2015,79,1.916823784,0,0,1,47.50142504,14.86,0,0.041,1.619135518,22.41,0.056829207,1432022,Izabelin,warszawski zachodni
izabelin,2016,140,1.971400984,0,0,1,47.52399962,14.86,0,0.034,1.618366405,22.32,0.04508109,1432022,Izabelin,warszawski zachodni
izabelin,2017,114,1.895949707,0,0,1,47.20543807,14.86,0,0.024,1.629287802,22.58,0.037585553,1432022,Izabelin,warszawski zachodni
izabelin,2018,137,1.83302786,0,0,1,47.16091304,14.86,0,0.021,1.630826027,22.37,0.051649872,1432022,Izabelin,warszawski zachodni
izabelin,2019,105,NA,0,0,1,NA,NA,NA,NA,NA,NA,NA,1432022,Izabelin,warszawski zachodni
jablonna,2008,317,1.270792892,0,0,1,20.09915584,19.31,0,0.025,2.303395062,99.2,0.058680009,1408022,Jabłonna,legionowski
jablonna,2009,279,1.260099204,0,0,1,32.19989696,19.31,0,0.039,2.396296296,115,0.246952131,1408022,Jabłonna,legionowski
jablonna,2010,281,1.250594209,0,0,1,30.72196621,19.31,0,0.038,2.511574074,115,0.266895592,1408022,Jabłonna,legionowski
jablonna,2011,309,1.212689393,0,0,1,47.59355107,19.31,0,0.044,2.593981481,108,0.257126331,1408022,Jabłonna,legionowski
jablonna,2012,214,1.212711787,0,0,1,46.50622021,19.31,0,0.055,2.65462963,108,0.201632842,1408022,Jabłonna,legionowski
jablonna,2013,193,1.196706705,0,0,1,45.63344932,19.31,0,0.064,2.705401235,121.92,0.275313258,1408022,Jabłonna,legionowski
jablonna,2014,235,1.215699475,0,0,1,50.13648265,19.31,0,0.055,2.770216049,121.92,0.193091184,1408022,Jabłonna,legionowski
jablonna,2015,213,1.24187678,0,0,1,49.00893052,19.31,0,0.049,2.833950617,117.02,0.152457818,1408022,Jabłonna,legionowski
jablonna,2016,166,1.252747494,0,0,1,59.01920807,19.31,0,0.042,2.876234568,118.36,0.123916715,1408022,Jabłonna,legionowski
jablonna,2017,205,1.219798858,0,0,1,58.15182914,19.31,0,0.03,2.919135802,118.36,0.139330924,1408022,Jabłonna,legionowski
jablonna,2018,267,1.136782846,0,0,1,57.13395315,19.31,0,0.027,2.971141975,118.82,0.234416381,1408022,Jabłonna,legionowski
jablonna,2019,288,NA,0,0,1,NA,NA,NA,NA,NA,NA,NA,1408022,Jabłonna,legionowski
jadow,2008,8,0.206196402,0,0,1,13.07873398,50.33,0,0.075,0.655858638,13.4,0.042857908,1434062,Jadów,wołomiński
jadow,2009,9,0.22863205,0,0,1,26.32964718,50.33,0,0.097,0.651569738,13.4,0.010515312,1434062,Jadów,wołomiński
jadow,2010,15,0.251987496,0,0,1,25.89667228,50.33,0,0.112,0.662463544,13.4,0.003335877,1434062,Jadów,wołomiński
jadow,2011,13,0.289399091,0,0,1,25.94033722,50.33,0,0.102,0.66134843,13.4,0.055467632,1434062,Jadów,wołomiński
jadow,2012,13,0.30922753,0,0,1,25.86987453,50.33,0,0.117,0.663149768,13.4,0.01624446,1434062,Jadów,wołomiński
jadow,2013,6,0.313366149,0,0,1,25.94706798,50.33,0,0.129,0.661176874,13.4,0.010629154,1434062,Jadów,wołomiński
jadow,2014,7,0.319257334,0,0,1,26.08922515,50.33,0,0.118,0.657574198,13.4,0.008774447,1434062,Jadów,wołomiński
jadow,2015,4,0.344401429,0,0,1,26.27430373,50.33,0,0.105,0.652942186,13.4,0.007810852,1434062,Jadów,wołomiński
jadow,2016,14,0.33999754,0,0,1,26.3227165,50.33,0,0.092,0.651741294,13.4,0.033392638,1434062,Jadów,wołomiński
jadow,2017,8,0.347281763,0,0,1,26.41658962,50.33,0,0.07,0.649425287,13.4,0.009347115,1434062,Jadów,wołomiński
jadow,2018,15,0.325378455,0,0,1,26.46552865,50.33,0,0.065,0.648224395,13.4,0.008035082,1434062,Jadów,wołomiński
jadow,2019,10,NA,0,0,1,NA,NA,NA,NA,NA,NA,NA,1434062,Jadów,wołomiński
jaktorow,2008,35,0.44853328,0,0,1,19.05850962,35.5,1,0.019,1.897649186,8.5,0.013955327,1405052,Jaktorów,grodziski
jaktorow,2009,28,0.540499062,0,0,1,18.91789633,35.5,1,0.035,1.911754069,8.7,0.011867448,1405052,Jaktorów,grodziski
jaktorow,2010,42,0.635763729,0,0,1,18.5528757,35.5,1,0.043,1.949367089,8.7,0.017221492,1405052,Jaktorów,grodziski
jaktorow,2011,59,0.633963783,0,0,1,18.28320687,35.5,1,0.047,1.978119349,8.5,0.023506235,1405052,Jaktorów,grodziski
jaktorow,2012,45,0.677094087,0,0,1,26.95175636,35.5,1,0.048,2.01283906,8.5,0.020964844,1405052,Jaktorów,grodziski
jaktorow,2013,50,0.642496232,0,0,1,26.43171806,35.5,1,0.047,2.05244123,8.7,0.01650974,1405052,Jaktorów,grodziski
jaktorow,2014,38,0.637475937,0,0,1,25.96278667,35.5,1,0.041,2.089511754,8.7,0.012477138,1405052,Jaktorów,grodziski
jaktorow,2015,31,0.669229378,0,0,1,25.59290224,35.5,1,0.04,2.119710669,8.7,0.011958395,1405052,Jaktorów,grodziski
jaktorow,2016,29,0.707577291,0,0,1,25.07312996,35.5,1,0.028,2.163652803,8.7,0.016462294,1405052,Jaktorów,grodziski
jaktorow,2017,26,0.680320968,0,0,1,24.78314746,35.5,1,0.022,2.188969259,8.7,0.015783731,1405052,Jaktorów,grodziski
jaktorow,2018,34,0.65959549,0,0,1,24.39421044,35.5,1,0.019,2.223869801,8.7,0.015894424,1405052,Jaktorów,grodziski
jaktorow,2019,38,NA,0,0,1,NA,NA,NA,NA,NA,NA,NA,1405052,Jaktorów,grodziski
jakubow,2008,0,0.287847141,0,0,1,0.5,45.5,0,0.034,0.574040009,4.2,0.005914662,1412082,Jakubów,miński
jakubow,2009,4,0.301438633,0,0,1,0.5,45.5,0,0.037,0.574499885,4.2,0.006820893,1412082,Jakubów,miński
jakubow,2010,6,0.315780979,0,0,1,0.5,45.5,0,0.044,0.58059324,4.2,0.004467982,1412082,Jakubów,miński
jakubow,2011,7,0.296749667,0,0,1,19.7044335,45.5,0,0.045,0.583467464,4.2,0.003673125,1412082,Jakubów,miński
jakubow,2012,0,0.307979678,0,0,1,0.5,45.5,0,0.059,0.583697402,4.2,0.003342984,1412082,Jakubów,miński
jakubow,2013,4,0.338789356,0,0,1,0.5,45.5,0,0.057,0.583812371,4.2,0.008186528,1412082,Jakubów,miński
jakubow,2014,8,0.344679362,0,0,1,0.5,45.5,0,0.054,0.583582433,4.2,0.003267799,1412082,Jakubów,miński
jakubow,2015,0,0.363615992,0,0,1,0.5,45.5,0,0.041,0.582547712,4.2,0.014895788,1412082,Jakubów,miński
jakubow,2016,5,0.3558693,0,0,1,0.5,45.5,0,0.041,0.581972867,4.2,0.009538937,1412082,Jakubów,miński
jakubow,2017,5,0.391727385,0,0,1,0.5,45.5,0,0.029,0.582662681,4.2,0.005099555,1412082,Jakubów,miński
jakubow,2018,13,0.357296881,0,0,1,9.817396426,45.5,0,0.025,0.585536905,4.2,0.005257918,1412082,Jakubów,miński
jakubow,2019,10,NA,0,0,1,NA,NA,NA,NA,NA,NA,NA,1412082,Jakubów,miński
jozefow,2008,331,1.225496352,0,0,1,36.05459696,18.39,1,0.026,8.120033459,30.4,0.055521391,1417011,Józefów,otwocki
jozefow,2009,266,1.345397425,0,0,1,40.48173262,18.39,1,0.04,8.26516102,42.8,0.069625601,1417011,Józefów,otwocki
jozefow,2010,273,1.47036092,0,0,1,46.4324408,18.39,1,0.042,8.106649937,43.8,0.07170067,1417011,Józefów,otwocki
jozefow,2011,195,1.439541206,0,0,1,45.72009144,18.39,1,0.042,8.232956922,44.4,0.079979658,1417011,Józefów,otwocki
jozefow,2012,171,1.441288192,0,0,1,45.11956685,18.39,1,0.049,8.342534504,44.4,0.052649438,1417011,Józefów,otwocki
jozefow,2013,179,1.441772131,0,0,1,50.21592849,18.39,1,0.051,8.328732748,31.74,0.060193028,1417011,Józefów,otwocki
jozefow,2014,166,1.459899591,0,0,1,54.62581318,18.39,1,0.042,8.421999164,31.74,0.066153459,1417011,Józefów,otwocki
jozefow,2015,197,1.423271604,0,0,1,59.3207771,18.39,1,0.035,8.460476788,37.88,0.063642606,1417011,Józefów,otwocki
jozefow,2016,181,1.391803294,0,0,1,68.755525,18.39,1,0.034,8.516102049,46.14,0.061375827,1417011,Józefów,otwocki
jozefow,2017,191,1.444222515,0,0,1,63.45177665,18.39,1,0.03,8.568799665,46.14,0.073921174,1417011,Józefów,otwocki
jozefow,2018,157,1.362382493,0,0,1,67.94467362,18.39,1,0.025,8.617733166,46.46,0.088869072,1417011,Józefów,otwocki
jozefow,2019,205,NA,0,0,1,NA,NA,NA,NA,NA,NA,NA,1417011,Józefów,otwocki
kaluszyn,2008,0,0.320684604,0,1,0,16.273393,54.55,0,0.041,0.65088444,9.3,0.010015383,1412093,Kałuszyn,miński
kaluszyn,2009,0,0.328909052,0,1,0,16.40689089,54.55,0,0.043,0.645725183,8.7,0.009436762,1412093,Kałuszyn,miński
kaluszyn,2010,0,0.33776197,0,1,0,16.51800463,54.55,0,0.055,0.641381502,11.3,0.026058098,1412093,Kałuszyn,miński
kaluszyn,2011,0,0.371261068,0,1,0,16.71122995,54.55,0,0.06,0.633965462,11.3,0.008324028,1412093,Kałuszyn,miński
kaluszyn,2012,4,0.374884473,0,1,0,16.68613382,54.55,0,0.065,0.634918953,11.3,0.003982126,1412093,Kałuszyn,miński
kaluszyn,2013,5,0.377387813,0,1,0,16.8406871,54.55,0,0.081,0.629092065,11.32,0.168821335,1412093,Kałuszyn,miński
kaluszyn,2014,0,0.370853574,0,1,0,16.78415576,54.55,0,0.072,0.631210933,11.52,0.008956509,1412093,Kałuszyn,miński
kaluszyn,2015,3,0.372079748,0,1,0,16.85487949,54.55,0,0.066,0.628562348,11.22,0.005365349,1412093,Kałuszyn,miński
kaluszyn,2016,3,0.364122306,0,1,0,16.92620176,54.55,0,0.046,0.625913762,15,0.01438947,1412093,Kałuszyn,miński
kaluszyn,2017,0,0.387015507,0,1,0,16.95777514,54.55,0,0.036,0.624748384,14.84,0.017388867,1412093,Kałuszyn,miński
kaluszyn,2018,0,0.365116085,0,1,0,17.11449598,54.55,0,0.036,0.619027439,10.66,0.003468001,1412093,Kałuszyn,miński
kaluszyn,2019,0.5,NA,0,1,0,NA,NA,NA,NA,NA,NA,NA,1412093,Kałuszyn,miński
kampinos,2008,14,0.567599651,0,0,1,24.74022761,37.61,0,0.03,0.477777778,2.7,0.005868543,1432032,Kampinos,warszawski zachodni
kampinos,2009,21,0.522869251,0,0,1,24.18964683,37.61,0,0.035,0.488652482,2.7,0.003595279,1432032,Kampinos,warszawski zachodni
kampinos,2010,18,0.477468185,0,0,1,23.78686965,37.61,0,0.054,0.496926714,6.7,0.005664845,1432032,Kampinos,warszawski zachodni
kampinos,2011,7,0.468280367,0,0,1,23.59046945,37.61,0,0.048,0.50106383,6.7,0.004402754,1432032,Kampinos,warszawski zachodni
kampinos,2012,13,0.481670594,0,0,1,23.55712603,37.61,0,0.066,0.50177305,6.7,0.007261836,1432032,Kampinos,warszawski zachodni
kampinos,2013,22,0.523571257,0,0,1,23.304591,37.61,0,0.069,0.507210402,6.7,0.043815676,1432032,Kampinos,warszawski zachodni
kampinos,2014,7,0.546792992,0,0,1,23.14814815,37.61,0,0.06,0.510638298,6.7,0.004691478,1432032,Kampinos,warszawski zachodni
kampinos,2015,3,0.533467054,0,0,1,23.27205027,37.61,0,0.052,0.507919622,6.7,0.014777273,1432032,Kampinos,warszawski zachodni
kampinos,2016,0,0.575598811,0,0,1,23.29373399,37.61,0,0.039,0.507446809,6.7,0.006361888,1432032,Kampinos,warszawski zachodni
kampinos,2017,14,0.648677966,0,0,1,23.05741296,37.61,0,0.031,0.512647754,6.7,0.009122583,1432032,Kampinos,warszawski zachodni
kampinos,2018,12,0.698439668,0,0,1,22.96738631,37.61,0,0.026,0.51465721,6.7,0.007608044,1432032,Kampinos,warszawski zachodni
kampinos,2019,4,NA,0,0,1,NA,NA,NA,NA,NA,NA,NA,1432032,Kampinos,warszawski zachodni
karczew,2008,18,0.672158322,0,1,0,37.55868545,23.47,0,0.031,1.960122699,55,0.355892271,1417043,Karczew,otwocki
karczew,2009,23,0.672651193,0,1,0,37.62935089,23.47,0,0.047,1.956441718,50.8,0.022879031,1417043,Karczew,otwocki
karczew,2010,15,0.673957728,0,1,0,31.26954346,23.47,0,0.048,1.96196319,52.4,0.020351751,1417043,Karczew,otwocki
karczew,2011,12,0.659022091,0,1,0,31.29890454,23.47,0,0.049,1.960122699,52.2,0.032351375,1417043,Karczew,otwocki
karczew,2012,30,0.657547744,0,1,0,37.40415186,23.47,0,0.057,1.968220859,52.2,0.016237678,1417043,Karczew,otwocki
karczew,2013,14,0.715694206,0,1,0,31.21488326,23.47,0,0.058,1.965398773,50.66,0.021761471,1417043,Karczew,otwocki
karczew,2014,20,0.752595906,0,1,0,31.36172615,23.47,0,0.053,1.956196319,50.66,0.027152203,1417043,Karczew,otwocki
karczew,2015,12,0.75298217,0,1,0,31.43665514,23.47,0,0.042,1.951533742,48.36,0.024613447,1417043,Karczew,otwocki
karczew,2016,10,0.729544054,0,1,0,37.72398617,23.47,0,0.036,1.951533742,48,0.027458703,1417043,Karczew,otwocki
karczew,2017,14,0.840168381,0,1,0,50.2638854,23.47,0,0.035,1.952883436,48.68,0.030670939,1417043,Karczew,otwocki
karczew,2018,12,0.820500812,0,1,0,50.44772355,23.47,0,0.031,1.945766871,48.83,0.030873977,1417043,Karczew,otwocki
karczew,2019,17,NA,0,1,0,NA,NA,NA,NA,NA,NA,NA,1417043,Karczew,otwocki
klembow,2008,21,0.325556429,0,0,1,11.09508488,29.27,1,0.051,1.051691949,9.1,0.01100625,1434072,Klembów,wołomiński
klembow,2009,23,0.358497941,0,0,1,10.98418278,29.27,1,0.074,1.062310385,10.3,0.01191143,1434072,Klembów,wołomiński
klembow,2010,15,0.392817064,0,0,1,10.77934677,29.27,1,0.077,1.082497083,12.1,0.049810305,1434072,Klembów,wołomiński
klembow,2011,30,0.410014877,0,0,1,10.67577666,29.27,1,0.079,1.092998833,11.7,0.027954658,1434072,Klembów,wołomiński
klembow,2012,24,0.441060522,0,0,1,10.62586335,29.27,1,0.089,1.098133022,11.7,0.019439846,1434072,Klembów,wołomiński
klembow,2013,23,0.471430499,0,0,1,10.53407774,29.27,1,0.097,1.107701284,11.74,0.01539827,1434072,Klembów,wołomiński
klembow,2014,30,0.493020791,0,0,1,10.45806317,29.27,1,0.091,1.115752625,11.74,0.018649213,1434072,Klembów,wołomiński
klembow,2015,18,0.523116899,0,0,1,10.38637308,29.27,1,0.085,1.123453909,11.56,0.023163611,1434072,Klembów,wołomiński
klembow,2016,31,0.520163673,0,0,1,20.56978299,29.27,1,0.075,1.13453909,12.68,0.026669327,1434072,Klembów,wołomiński
klembow,2017,23,0.549749925,0,0,1,10.16570093,29.27,1,0.059,1.147841307,12.68,0.017346194,1434072,Klembów,wołomiński
klembow,2018,11,0.510994623,0,0,1,10.11020119,29.27,1,0.045,1.154142357,12.04,0.02125638,1434072,Klembów,wołomiński
klembow,2019,23,NA,0,0,1,NA,NA,NA,NA,NA,NA,NA,1434072,Klembów,wołomiński
kobylka,2008,187,0.800654549,1,0,0,21.08703674,17.45,1,0.044,9.658350305,17.2,0.363003135,1434011,Kobyłka,wołomiński
kobylka,2009,139,0.862312798,1,0,0,20.7350578,17.45,1,0.066,9.822301426,22.8,0.503580093,1434011,Kobyłka,wołomiński
kobylka,2010,193,0.926776937,1,0,0,20.13490386,17.45,1,0.066,10.11507128,22.8,0.204727784,1434011,Kobyłka,wołomiński
kobylka,2011,128,0.938758649,1,0,0,19.81571386,17.45,1,0.066,10.27800407,30.6,0.310035616,1434011,Kobyłka,wołomiński
kobylka,2012,145,0.917699779,1,0,0,24.44031675,17.45,1,0.076,10.41649695,30.6,0.282061398,1434011,Kobyłka,wołomiński
kobylka,2013,172,0.980532165,1,0,0,28.77007912,17.45,1,0.086,10.61863544,24.42,0.249441952,1434011,Kobyłka,wołomiński
kobylka,2014,216,0.877977815,1,0,0,32.80071224,17.45,1,0.075,10.86608961,24.42,0.231112629,1434011,Kobyłka,wołomiński
kobylka,2015,153,0.878703173,1,0,0,31.97807218,17.45,1,0.066,11.14562118,26.44,0.31637311,1434011,Kobyłka,wołomiński
kobylka,2016,174,0.88925944,1,0,0,35.62046396,17.45,1,0.057,11.43533605,25.4,0.297136217,1434011,Kobyłka,wołomiński
kobylka,2017,197,0.910953468,1,0,0,43.25259516,17.45,1,0.039,11.77189409,25.4,0.329638571,1434011,Kobyłka,wołomiński
kobylka,2018,229,0.866474618,1,0,0,46.40175483,17.45,1,0.042,12.07026477,26.22,0.218791902,1434011,Kobyłka,wołomiński
kobylka,2019,278,NA,1,0,0,NA,NA,NA,NA,NA,NA,NA,1434011,Kobyłka,wołomiński
kolbiel,2008,8,0.352532736,0,0,1,12.54390366,36.94,1,0.029,0.744768311,10.9,0.008653576,1417052,Kołbiel,otwocki
kolbiel,2009,6,0.392154769,0,0,1,12.54233036,36.94,1,0.039,0.748638498,11.1,0.007206223,1417052,Kołbiel,otwocki
kolbiel,2010,7,0.433387385,0,0,1,12.37776953,36.94,1,0.04,0.758591549,11.1,0.007367293,1417052,Kołbiel,otwocki
kolbiel,2011,0,0.467772358,0,0,1,12.3685838,36.94,1,0.046,0.75915493,11.1,0.044632252,1417052,Kołbiel,otwocki
kolbiel,2012,3,0.492781461,0,0,1,12.32893601,36.94,1,0.048,0.761596244,11.1,0.023073327,1417052,Kołbiel,otwocki
kolbiel,2013,4,0.512849464,0,0,1,12.26843332,36.94,1,0.047,0.765352113,11.08,0.007220619,1417052,Kołbiel,otwocki
kolbiel,2014,13,0.500927678,0,0,1,12.23540927,36.94,1,0.039,0.76741784,19.35,0.016451132,1417052,Kołbiel,otwocki
kolbiel,2015,17,0.52744894,0,0,1,12.26091221,36.94,1,0.032,0.765821596,20.46,0.006223947,1417052,Kołbiel,otwocki
kolbiel,2016,3,0.55995136,0,0,1,12.23091977,36.94,1,0.03,0.767699531,22.06,0.022462072,1417052,Kołbiel,otwocki
kolbiel,2017,9,0.58079414,0,0,1,12.2159785,36.94,1,0.023,0.768638498,16.22,0.008201027,1417052,Kołbiel,otwocki
kolbiel,2018,6,0.548273761,0,0,1,12.24140042,36.94,1,0.017,0.767042254,14.02,0.007387266,1417052,Kołbiel,otwocki
kolbiel,2019,4,NA,0,0,1,NA,NA,NA,NA,NA,NA,NA,1417052,Kołbiel,otwocki
konstancinjeziorna,2008,270,3.280451427,0,1,0,29.56955181,16.76,0,0.036,3.012598626,128.6,0.560846269,1418023,Konstancin-Jeziorna,piaseczyński
konstancinjeziorna,2009,207,2.928426303,0,1,0,37.80718336,16.76,0,0.048,3.029396793,121.2,0.454831362,1418023,Konstancin-Jeziorna,piaseczyński
konstancinjeziorna,2010,246,2.569712945,0,1,0,36.23334273,16.76,0,0.056,3.160982438,126.2,0.479508817,1418023,Konstancin-Jeziorna,piaseczyński
konstancinjeziorna,2011,202,2.588760611,0,1,0,36.26107977,16.76,0,0.052,3.15856452,118.2,0.461414635,1418023,Konstancin-Jeziorna,piaseczyński
konstancinjeziorna,2012,204,2.511814813,0,1,0,44.18557943,16.76,0,0.062,3.168108934,118.2,0.52781409,1418023,Konstancin-Jeziorna,piaseczyński
konstancinjeziorna,2013,194,2.352274563,0,1,0,48.37734328,16.76,0,0.064,3.156655638,127.2,0.473816454,1418023,Konstancin-Jeziorna,piaseczyński
konstancinjeziorna,2014,187,2.501826653,0,1,0,56.47894142,16.76,0,0.061,3.154492237,127.2,0.364736259,1418023,Konstancin-Jeziorna,piaseczyński
konstancinjeziorna,2015,188,2.358308004,0,1,0,52.49767799,16.76,0,0.05,3.151310766,148.77,0.37621659,1418023,Konstancin-Jeziorna,piaseczyński
konstancinjeziorna,2016,151,2.277713576,0,1,0,48.43983369,16.76,0,0.046,3.152583355,139.09,0.242819473,1418023,Konstancin-Jeziorna,piaseczyński
konstancinjeziorna,2017,147,2.258315181,0,1,0,48.43396836,16.76,0,0.038,3.152965131,152.25,0.278125167,1418023,Konstancin-Jeziorna,piaseczyński
konstancinjeziorna,2018,219,2.122272475,0,1,0,56.63201327,16.76,0,0.035,3.145965895,165.37,0.329854608,1418023,Konstancin-Jeziorna,piaseczyński
konstancinjeziorna,2019,205,NA,0,1,0,NA,NA,NA,NA,NA,NA,NA,1418023,Konstancin-Jeziorna,piaseczyński
latowicz,2008,5,0.266531998,0,0,1,18.09627217,59.04,0,0.028,0.484609313,4.7,0.002080512,1412102,Latowicz,miński
latowicz,2009,0,0.249634138,0,0,1,18.24817518,59.04,0,0.037,0.480491013,4.7,0.012984226,1412102,Latowicz,miński
latowicz,2010,3,0.23254485,0,0,1,18.14882033,59.04,0,0.04,0.483121438,4.7,0.00291234,1412102,Latowicz,miński
latowicz,2011,0,0.283168209,0,0,1,18.1587071,59.04,0,0.04,0.482858395,4.7,0.014681355,1412102,Latowicz,miński
latowicz,2012,5,0.281285644,0,0,1,18.22157434,59.04,0,0.048,0.481192459,4.7,0.003249564,1412102,Latowicz,miński
latowicz,2013,3,0.314844018,0,0,1,18.25483753,59.04,0,0.056,0.480315651,4.77,0.002950531,1412102,Latowicz,miński
latowicz,2014,0,0.303497288,0,0,1,18.31501832,59.04,0,0.056,0.478737396,4.77,0.010851235,1412102,Latowicz,miński
latowicz,2015,3,0.310028896,0,0,1,18.31501832,59.04,0,0.042,0.478737396,4.77,0.003490567,1412102,Latowicz,miński
latowicz,2016,0,0.320668335,0,0,1,18.31166453,59.04,0,0.033,0.478825077,4.77,0.012869578,1412102,Latowicz,miński
latowicz,2017,5,0.324834407,0,0,1,18.39587932,59.04,0,0.023,0.476633056,4.77,0.004225736,1412102,Latowicz,miński
latowicz,2018,3,0.311730825,0,0,1,18.42638659,59.04,0,0.024,0.475843928,4.77,0.002817644,1412102,Latowicz,miński
latowicz,2019,0.5,NA,0,0,1,NA,NA,NA,NA,NA,NA,NA,1412102,Latowicz,miński
legionowo,2008,355,0.895438329,1,0,0,27.21300004,19.5,1,0.036,37.99556869,136.2,0.12979649,1408011,Legionowo,legionowski
legionowo,2009,327,0.916581853,1,0,0,29.04387561,19.5,1,0.053,38.14327917,135.8,0.220900431,1408011,Legionowo,legionowski
legionowo,2010,339,0.939425458,1,0,0,28.07411567,19.5,1,0.049,39.46085672,136.8,0.349087894,1408011,Legionowo,legionowski
legionowo,2011,300,0.950847183,1,0,0,31.62849541,19.5,1,0.058,39.69645495,146.8,0.315031111,1408011,Legionowo,legionowski
legionowo,2012,313,0.945711544,1,0,0,35.11430631,19.5,1,0.07,39.96233383,147.6,0.401356041,1408011,Legionowo,legionowski
legionowo,2013,311,0.954712927,1,0,0,35.03531191,19.5,1,0.075,40.05243722,142.14,0.331836283,1408011,Legionowo,legionowski
legionowo,2014,237,0.961094147,1,0,0,35.00884434,19.5,1,0.069,40.08271787,145.73,0.256192833,1408011,Legionowo,legionowski
legionowo,2015,256,0.954267656,1,0,0,36.91944178,19.5,1,0.06,40.00886263,188.01,0.244201183,1408011,Legionowo,legionowski
legionowo,2016,180,0.925458191,1,0,0,36.94331049,19.5,1,0.056,39.98301329,136.27,0.405980498,1408011,Legionowo,legionowski
legionowo,2017,264,0.937613713,1,0,0,37.00893766,19.5,1,0.038,39.91211226,136.45,0.326735198,1408011,Legionowo,legionowski
legionowo,2018,263,0.870342246,1,0,0,38.84141605,19.5,1,0.035,39.93057607,134.48,0.351144373,1408011,Legionowo,legionowski
legionowo,2019,262,NA,1,0,0,NA,NA,NA,NA,NA,NA,NA,1408011,Legionowo,legionowski
leoncin,2008,11,0.527361573,0,0,1,57.84805245,37.27,0,0.025,0.328269401,2.7,0.011024988,1414032,Leoncin,nowodworski
leoncin,2009,8,0.574587518,0,0,1,57.65904286,37.27,0,0.039,0.329345487,2.7,0.01527941,1414032,Leoncin,nowodworski
leoncin,2010,28,0.623860509,0,0,1,56.10622779,37.27,0,0.048,0.338460565,2.7,0.012246383,1414032,Leoncin,nowodworski
leoncin,2011,28,0.643864769,0,0,1,55.19779209,37.27,0,0.053,0.34403089,2.7,0.009897314,1414032,Leoncin,nowodworski
leoncin,2012,37,0.537434571,0,0,1,54.81454413,37.27,0,0.056,0.346436258,2.7,0.016379744,1414032,Leoncin,nowodworski
leoncin,2013,13,0.555852549,0,0,1,54.42670537,37.27,0,0.057,0.348904925,2.69,0.004440728,1414032,Leoncin,nowodworski
leoncin,2014,41,0.582029231,0,0,1,54.22993492,37.27,0,0.058,0.350170908,2.69,0.00463573,1414032,Leoncin,nowodworski
leoncin,2015,32,0.564801316,0,0,1,53.99568035,37.27,0,0.042,0.351690087,2.69,0.005580564,1414032,Leoncin,nowodworski
leoncin,2016,15,0.546554728,0,0,1,54.07354001,37.27,0,0.04,0.351183694,2.69,0.013763713,1414032,Leoncin,nowodworski
leoncin,2017,22,0.562431362,0,0,1,53.79236148,37.27,0,0.034,0.35301937,2.69,0.01765061,1414032,Leoncin,nowodworski
leoncin,2018,18,0.560560226,0,0,1,17.92757261,37.27,0,0.036,0.353082669,2.69,0.014461179,1414032,Leoncin,nowodworski
leoncin,2019,20,NA,0,0,1,NA,NA,NA,NA,NA,NA,NA,1414032,Leoncin,nowodworski
leszno,2008,81,0.800354006,0,0,1,11.09631602,28.82,0,0.033,0.720498881,13.1,0.100389406,1432042,Leszno,warszawski zachodni
leszno,2009,61,0.816093629,0,0,1,22.12389381,28.82,0,0.041,0.722737448,13.1,0.024368893,1432042,Leszno,warszawski zachodni
leszno,2010,109,0.833257809,0,0,1,20.64409579,28.82,0,0.039,0.774544292,13.1,0.033856176,1432042,Leszno,warszawski zachodni
leszno,2011,101,0.894551522,0,0,1,20.47082907,28.82,0,0.049,0.781100096,13.9,0.027115578,1432042,Leszno,warszawski zachodni
leszno,2012,115,0.91557344,0,0,1,20.31281739,28.82,0,0.056,0.787176207,13.9,0.023980759,1432042,Leszno,warszawski zachodni
leszno,2013,114,0.91678096,0,0,1,30.03905077,28.82,0,0.057,0.798448993,13.1,0.021149764,1432042,Leszno,warszawski zachodni
leszno,2014,68,0.972878362,0,0,1,59.89817311,28.82,0,0.056,0.800847458,13.1,0.026965052,1432042,Leszno,warszawski zachodni
leszno,2015,88,0.980635513,0,0,1,49.67709886,28.82,0,0.04,0.804685002,13.1,0.011673308,1432042,Leszno,warszawski zachodni
leszno,2016,51,1.034402508,0,0,1,49.58349861,28.82,0,0.034,0.806204029,16.62,0.011505369,1432042,Leszno,warszawski zachodni
leszno,2017,53,1.074450626,0,0,1,39.63928253,28.82,0,0.03,0.806763671,16.62,0.011217522,1432042,Leszno,warszawski zachodni
leszno,2018,82,1.051976855,0,0,1,39.3236335,28.82,0,0.023,0.813239527,15.2,0.013087976,1432042,Leszno,warszawski zachodni
leszno,2019,74,NA,0,0,1,NA,NA,NA,NA,NA,NA,NA,1432042,Leszno,warszawski zachodni
lesznowola,2008,466,1.977257231,0,0,1,77.76913676,16.35,0,0.026,2.597691198,72.7,0.134527206,1418032,Lesznowola,piaseczyński
lesznowola,2009,461,1.887943466,0,0,1,79.50389569,16.35,0,0.037,2.722510823,85.1,0.140388906,1418032,Lesznowola,piaseczyński
lesznowola,2010,508,1.798293553,0,0,1,87.73212458,16.35,0,0.04,2.960606061,85.1,0.215278968,1418032,Lesznowola,piaseczyński
lesznowola,2011,455,1.7849353,0,0,1,88.49969724,16.35,0,0.037,3.097979798,83.3,0.254561961,1418032,Lesznowola,piaseczyński
lesznowola,2012,349,1.716853686,0,0,1,85.64345278,16.35,0,0.044,3.201298701,83.3,0.23206915,1418032,Lesznowola,piaseczyński
lesznowola,2013,335,1.722316069,0,0,1,91.68704156,16.35,0,0.047,3.305050505,81.36,0.361099064,1418032,Lesznowola,piaseczyński
lesznowola,2014,319,1.690157439,0,0,1,106.0175565,16.35,0,0.043,3.402741703,81.36,0.277355522,1418032,Lesznowola,piaseczyński
lesznowola,2015,341,1.762823484,0,0,1,102.0991587,16.35,0,0.039,3.533333333,95.92,0.266858816,1418032,Lesznowola,piaseczyński
lesznowola,2016,252,1.716919125,0,0,1,99.48664889,16.35,0,0.035,3.626118326,130.38,0.330099732,1418032,Lesznowola,piaseczyński
lesznowola,2017,351,1.707210858,0,0,1,100.092393,16.35,0,0.029,3.748340548,146.99,0.235880569,1418032,Lesznowola,piaseczyński
lesznowola,2018,492,1.605407453,0,0,1,99.25375878,16.35,0,0.025,3.925396825,158.15,0.235943794,1418032,Lesznowola,piaseczyński
lesznowola,2019,460,NA,0,0,1,NA,NA,NA,NA,NA,NA,NA,1418032,Lesznowola,piaseczyński
lomianki,2008,453,1.835557288,0,1,0,38.86849493,14.6,0,0.026,5.963172805,27.2,0.203432068,1432053,Łomianki,warszawski zachodni
lomianki,2009,420,1.901678804,0,1,0,42.56043582,14.6,0,0.037,6.050991501,29.4,0.1765192,1432053,Łomianki,warszawski zachodni
lomianki,2010,448,1.971970391,0,1,0,46.23014205,14.6,0,0.044,6.127736286,29.6,0.145558685,1432053,Łomianki,warszawski zachodni
lomianki,2011,445,1.852687075,0,1,0,49.52333787,14.6,0,0.048,6.240278135,29.2,0.194782183,1432053,Łomianki,warszawski zachodni
lomianki,2012,354,1.869361078,0,1,0,48.67956675,14.6,0,0.038,6.348441926,29.2,0.31576404,1432053,Łomianki,warszawski zachodni
lomianki,2013,390,1.80817735,0,1,0,47.97505297,14.6,0,0.046,6.441668813,31.68,0.286107957,1432053,Łomianki,warszawski zachodni
lomianki,2014,335,1.834773767,0,1,0,47.54923327,14.6,0,0.039,6.499356168,31.68,0.213785902,1432053,Łomianki,warszawski zachodni
lomianki,2015,347,1.82236192,0,1,0,54.80953686,14.6,0,0.031,6.578161216,32.02,0.031650078,1432053,Łomianki,warszawski zachodni
lomianki,2016,352,1.765184126,0,1,0,57.87037037,14.6,0,0.026,6.675251095,31.98,0.178373769,1432053,Łomianki,warszawski zachodni
lomianki,2017,333,1.734384348,0,1,0,61.0011819,14.6,0,0.022,6.754828741,31.98,0.417451292,1432053,Łomianki,warszawski zachodni
lomianki,2018,469,1.583778717,0,1,0,67.35770684,14.6,0,0.02,6.882049961,44.78,0.02832498,1432053,Łomianki,warszawski zachodni
lomianki,2019,496,NA,0,1,0,NA,NA,NA,NA,NA,NA,NA,1432053,Łomianki,warszawski zachodni
marki,2008,467,0.910602041,1,0,0,27.61341223,11.91,0,0.027,9.694072658,30.7,0.326777965,1434021,Marki,wołomiński
marki,2009,465,0.95340877,1,0,0,42.20704474,11.91,0,0.044,9.966347992,56.3,0.393401474,1434021,Marki,wołomiński
marki,2010,452,0.99858511,1,0,0,44.66612075,11.91,0,0.048,10.27380497,56.3,0.395265639,1434021,Marki,wołomiński
marki,2011,514,1.0235339,1,0,0,46.97380307,11.91,0,0.057,10.583174,45.5,0.494722992,1434021,Marki,wołomiński
marki,2012,385,0.975600078,1,0,0,49.49095023,11.91,0,0.067,10.81759082,45.5,0.350844741,1434021,Marki,wołomiński
marki,2013,477,0.997996131,1,0,0,55.11160099,11.91,0,0.072,11.10210325,43.6,0.297136247,1434021,Marki,wołomiński
marki,2014,393,0.942701457,1,0,0,87.47728955,11.91,0,0.061,11.36596558,43.6,0.294039786,1434021,Marki,wołomiński
marki,2015,477,0.966412395,1,0,0,98.05523778,11.91,0,0.051,11.6998088,41.96,0.413393199,1434021,Marki,wołomiński
marki,2016,521,0.949350913,1,0,0,100.9877868,11.91,0,0.043,12.11739962,41.7,0.432614148,1434021,Marki,wołomiński
marki,2017,488,0.953973408,1,0,0,85.66358686,11.91,0,0.033,12.49942639,41.7,0.467976063,1434021,Marki,wołomiński
marki,2018,586,0.927133417,1,0,0,85.51040868,11.91,0,0.03,12.96902486,46.08,0.437492669,1434021,Marki,wołomiński
marki,2019,771,NA,1,0,0,NA,NA,NA,NA,NA,NA,NA,1434021,Marki,wołomiński
michalowice,2008,216,2.287633676,0,0,1,42.87901991,10.99,1,0.022,4.700547077,14.2,0.162112489,1421042,Michałowice,pruszkowski
michalowice,2009,200,2.297999467,0,0,1,42.60758415,10.99,1,0.032,4.73049237,51.8,0.167284712,1421042,Michałowice,pruszkowski
michalowice,2010,212,2.311395788,0,0,1,41.96642686,10.99,1,0.035,4.802764181,55.4,0.191599339,1421042,Michałowice,pruszkowski
michalowice,2011,208,2.217893509,0,0,1,59.10864168,10.99,1,0.034,4.87129283,51.2,0.138868615,1421042,Michałowice,pruszkowski
michalowice,2012,173,2.209265783,0,0,1,52.8448124,10.99,1,0.041,4.903829542,51.2,0.156775102,1421042,Michałowice,pruszkowski
michalowice,2013,161,2.167801759,0,0,1,58.24451045,10.99,1,0.046,4.943564642,50.48,0.226080656,1421042,Michałowice,pruszkowski
michalowice,2014,170,2.064565978,0,0,1,69.33610678,10.99,1,0.039,4.983299741,50.88,0.194804758,1421042,Michałowice,pruszkowski
michalowice,2015,212,2.063987973,0,0,1,74.28146963,10.99,1,0.035,5.039159228,47.5,0.261811525,1421042,Michałowice,pruszkowski
michalowice,2016,170,2.038067017,0,0,1,62.33707356,10.99,1,0.031,5.080909876,46.86,0.213788524,1421042,Michałowice,pruszkowski
michalowice,2017,145,2.088986986,0,0,1,67.31740155,10.99,1,0.024,5.132738267,48.18,0.413604558,1421042,Michałowice,pruszkowski
michalowice,2018,228,1.994712704,0,0,1,71.99424046,10.99,1,0.02,5.199251368,57.48,0.271257758,1421042,Michałowice,pruszkowski
michalowice,2019,264,NA,0,0,1,NA,NA,NA,NA,NA,NA,NA,1421042,Michałowice,pruszkowski
milanowek,2008,99,2.419247055,1,0,0,37.83579266,26.27,1,0.019,11.79910714,39.8,0.03061809,1405011,Milanówek,grodziski
milanowek,2009,134,1.977967014,1,0,0,37.36920777,26.27,1,0.034,11.94642857,46,0.024628067,1405011,Milanówek,grodziski
milanowek,2010,108,1.526290933,1,0,0,42.85539366,26.27,1,0.034,12.15327381,46,0.067730211,1405011,Milanówek,grodziski
milanowek,2011,96,1.574132415,1,0,0,48.93265643,26.27,1,0.039,12.16443452,46.2,0.060567483,1405011,Milanówek,grodziski
milanowek,2012,108,1.615288575,1,0,0,48.81918594,26.27,1,0.044,12.19270833,46.2,0.097175956,1405011,Milanówek,grodziski
milanowek,2013,89,1.659878525,1,0,0,48.75076173,26.27,1,0.046,12.20982143,45.88,0.063778803,1405011,Milanówek,grodziski
milanowek,2014,107,1.564847167,1,0,0,48.92068734,26.27,1,0.041,12.16741071,51.51,0.088533714,1405011,Milanówek,grodziski
milanowek,2015,79,1.603222415,1,0,0,48.86689878,26.27,1,0.037,12.18080357,51.13,0.14309819,1405011,Milanówek,grodziski
milanowek,2016,70,1.707358942,1,0,0,55.05597357,26.27,1,0.027,12.16294643,51.13,0.12772876,1405011,Milanówek,grodziski
milanowek,2017,89,1.599778626,1,0,0,48.78643737,26.27,1,0.019,12.20089286,51.13,0.114873372,1405011,Milanówek,grodziski
milanowek,2018,95,1.526651751,1,0,0,42.9289832,26.27,1,0.018,12.13244048,52.09,0.098112628,1405011,Milanówek,grodziski
milanowek,2019,134,NA,1,0,0,NA,NA,NA,NA,NA,NA,NA,1405011,Milanówek,grodziski
mmm,2008,115,0.930199759,1,0,0,41.90565988,38.4,1,0.04,28.96889226,125.6,0.306838334,1412011,Mińsk Mazowiecki,miński
mmm,2009,64,0.925638655,1,0,0,41.6992442,38.4,1,0.05,29.11229135,85.7,0.329464972,1412011,Mińsk Mazowiecki,miński
mmm,2010,91,0.922045893,1,0,0,43.24159333,38.4,1,0.052,29.82852807,84.8,0.339384049,1412011,Mińsk Mazowiecki,miński
mmm,2011,91,0.953086568,1,0,0,50.63419327,38.4,1,0.054,29.96889226,84.7,0.432724535,1412011,Mińsk Mazowiecki,miński
mmm,2012,47,0.903484257,1,0,0,47.89754966,38.4,1,0.062,30.09711684,84.6,0.395200253,1412011,Mińsk Mazowiecki,miński
mmm,2013,90,0.901915339,1,0,0,47.64292879,38.4,1,0.069,30.25796662,84.98,0.436863065,1412011,Mińsk Mazowiecki,miński
mmm,2014,72,0.91150373,1,0,0,47.25075228,38.4,1,0.058,30.5091047,84.98,0.471745312,1412011,Mińsk Mazowiecki,miński
mmm,2015,84,0.89244217,1,0,0,49.58595726,38.4,1,0.051,30.60242792,84.48,0.417600334,1412011,Mińsk Mazowiecki,miński
mmm,2016,35,0.860470604,1,0,0,52.00208008,38.4,1,0.042,30.63960546,89.74,0.39258948,1412011,Mińsk Mazowiecki,miński
mmm,2017,51,0.832747708,1,0,0,56.93210228,38.4,1,0.034,30.65174507,90.41,0.317734122,1412011,Mińsk Mazowiecki,miński
mmm,2018,101,0.79700722,1,0,0,56.37393073,38.4,1,0.032,30.9552352,114.27,0.348932296,1412011,Mińsk Mazowiecki,miński
mmm,2019,51,NA,1,0,0,NA,NA,NA,NA,NA,NA,NA,1412011,Mińsk Mazowiecki,miński
mrozy,2008,25,1.047417813,0,1,0,22.97794118,54.1,1,0.031,0.600607232,9.7,0.006387277,1412123,Mrozy,miński
mrozy,2009,12,0.36751472,0,1,0,22.89115257,54.1,1,0.034,0.60288435,10.3,0.007295784,1412123,Mrozy,miński
mrozy,2010,7,0.382922917,0,1,0,34.32494279,54.1,1,0.042,0.603091361,10.3,0.010020489,1412123,Mrozy,miński
mrozy,2011,14,0.425203301,0,1,0,57.1297989,54.1,1,0.044,0.603919404,10.1,0.008316252,1412123,Mrozy,miński
mrozy,2012,4,0.439942447,0,1,0,57.22133211,54.1,1,0.05,0.602953354,14.5,0.013745526,1412123,Mrozy,miński
mrozy,2013,17,0.45626544,0,1,0,68.29823563,54.1,1,0.056,0.606196522,14.44,0.013734851,1412123,Mrozy,miński
mrozy,2014,11,0.460157514,0,1,0,68.67345771,54.1,1,0.048,0.60288435,14.27,0.009579646,1412123,Mrozy,miński
mrozy,2015,0,0.464872233,0,1,0,68.62632964,54.1,1,0.037,0.603298372,14.51,0.018053625,1412123,Mrozy,miński
mrozy,2016,3,0.459314192,0,1,0,46.02462317,54.1,1,0.027,0.599710185,14.27,0.012841664,1412123,Mrozy,miński
mrozy,2017,6,0.445147672,0,1,0,46.00345026,54.1,1,0.023,0.599986199,14.27,0.008579208,1412123,Mrozy,miński
mrozy,2018,11,0.416186765,0,1,0,46.08825902,54.1,1,0.024,0.598882142,14.27,0.010120317,1412123,Mrozy,miński
mrozy,2019,15,NA,0,1,0,NA,NA,NA,NA,NA,NA,NA,1412123,Mrozy,miński
nadarzyn,2008,164,1.524772463,0,0,1,54.22503389,20.45,0,0.017,1.506466984,48.8,0.539086401,1421052,Nadarzyn,pruszkowski
nadarzyn,2009,214,1.441661717,0,0,1,52.62696255,20.45,0,0.034,1.552212389,49.9,0.520249307,1421052,Nadarzyn,pruszkowski
nadarzyn,2010,182,1.357863609,0,0,1,60.0394545,20.45,0,0.032,1.587338325,57.5,0.581463218,1421052,Nadarzyn,pruszkowski
nadarzyn,2011,166,1.390772369,0,0,1,66.96241734,20.45,0,0.033,1.626548673,56.3,0.045197409,1421052,Nadarzyn,pruszkowski
nadarzyn,2012,150,1.393071219,0,0,1,81.61932746,20.45,0,0.039,1.668073519,47.1,0.147903204,1421052,Nadarzyn,pruszkowski
nadarzyn,2013,177,1.454899083,0,0,1,80.00640051,20.45,0,0.044,1.701701838,51.16,0.040279742,1421052,Nadarzyn,pruszkowski
nadarzyn,2014,161,1.468504934,0,0,1,94.22850412,20.45,0,0.041,1.733832539,53.02,0.327230632,1421052,Nadarzyn,pruszkowski
nadarzyn,2015,88,1.342089658,0,0,1,93.24009324,20.45,0,0.038,1.752212389,51.82,0.103053719,1421052,Nadarzyn,pruszkowski
nadarzyn,2016,115,1.385097243,0,0,1,91.58208044,20.45,0,0.032,1.783934649,51.85,0.032773253,1421052,Nadarzyn,pruszkowski
nadarzyn,2017,123,1.318106727,0,0,1,89.90110878,20.45,0,0.024,1.817290674,52.03,0.033419829,1421052,Nadarzyn,pruszkowski
nadarzyn,2018,182,1.294246278,0,0,1,87.88633368,20.45,0,0.024,1.858951668,54.21,0.065615557,1421052,Nadarzyn,pruszkowski
nadarzyn,2019,211,NA,0,0,1,NA,NA,NA,NA,NA,NA,NA,1421052,Nadarzyn,pruszkowski
nasielsk,2008,11,0.301604679,0,1,0,10.33965776,42.36,1,0.063,0.940030131,15.2,0.216055334,1414043,Nasielsk,nowodworski
nasielsk,2009,15,0.327448811,0,1,0,10.32311345,42.36,1,0.088,0.941536667,15,0.268816531,1414043,Nasielsk,nowodworski
nasielsk,2010,40,0.354428639,0,1,0,20.3562341,42.36,1,0.096,0.954949701,15,0.14112559,1414043,Nasielsk,nowodworski
nasielsk,2011,21,0.402726507,0,1,0,20.27677802,42.36,1,0.095,0.958691743,15.4,0.21016483,1414043,Nasielsk,nowodworski
nasielsk,2012,16,0.409854257,0,1,0,20.22244692,42.36,1,0.093,0.961267435,15.4,0.185697913,1414043,Nasielsk,nowodworski
nasielsk,2013,29,0.416034566,0,1,0,20.22040239,42.36,1,0.092,0.96136463,17.1,0.138787866,1414043,Nasielsk,nowodworski
nasielsk,2014,16,0.425216777,0,1,0,20.18061652,42.36,1,0.086,0.96325995,17.1,0.036188379,1414043,Nasielsk,nowodworski
nasielsk,2015,25,0.426668473,0,1,0,20.13287699,42.36,1,0.078,0.965544054,18.84,0.08145123,1414043,Nasielsk,nowodworski
nasielsk,2016,10,0.426719847,0,1,0,20.07024586,42.36,1,0.066,0.968557127,19.26,0.07311137,1414043,Nasielsk,nowodworski
nasielsk,2017,12,0.43714247,0,1,0,20.05113038,42.36,1,0.038,0.969480488,19.26,0.082655415,1414043,Nasielsk,nowodworski
nasielsk,2018,18,0.437251847,0,1,0,20.05515167,42.36,1,0.042,0.969286096,21.07,0.050028808,1414043,Nasielsk,nowodworski
nasielsk,2019,19,NA,0,1,0,NA,NA,NA,NA,NA,NA,NA,1414043,Nasielsk,nowodworski
ndm,2008,70,0.772199421,1,0,0,25.34395366,32.57,1,0.033,9.790854307,126.3,0.387678325,1414011,Nowy Dwór Mazowiecki,nowodworski
ndm,2009,72,0.772544315,1,0,0,25.24068799,32.57,1,0.049,9.830911024,122.7,0.367482185,1414011,Nowy Dwór Mazowiecki,nowodworski
ndm,2010,56,0.773817319,1,0,0,24.88358039,32.57,1,0.059,9.971995746,122.7,0.401817143,1414011,Nowy Dwór Mazowiecki,nowodworski
ndm,2011,73,0.828303038,1,0,0,24.80246607,32.57,1,0.067,10.00460829,138.5,0.429543048,1414011,Nowy Dwór Mazowiecki,nowodworski
ndm,2012,55,0.841660713,1,0,0,24.76911645,32.57,1,0.066,10.0180787,138.5,0.403414339,1414011,Nowy Dwór Mazowiecki,nowodworski
ndm,2013,85,0.827683822,1,0,0,24.74634991,32.57,1,0.072,10.02729529,127.5,0.280745864,1414011,Nowy Dwór Mazowiecki,nowodworski
ndm,2014,78,0.817453867,1,0,0,24.67917078,32.57,1,0.069,10.05459057,127.5,0.285216928,1414011,Nowy Dwór Mazowiecki,nowodworski
ndm,2015,52,0.781244772,1,0,0,28.20675552,32.57,1,0.055,10.0538816,124.02,0.296815693,1414011,Nowy Dwór Mazowiecki,nowodworski
ndm,2016,74,0.782767047,1,0,0,28.02297884,32.57,1,0.046,10.11981567,125.32,0.295101762,1414011,Nowy Dwór Mazowiecki,nowodworski
ndm,2017,66,0.771236679,1,0,0,31.42787303,32.57,1,0.04,10.15136476,125.42,0.284298241,1414011,Nowy Dwór Mazowiecki,nowodworski
ndm,2018,70,0.74360397,1,0,0,31.41690229,32.57,1,0.04,10.15490961,121.76,0.39045772,1414011,Nowy Dwór Mazowiecki,nowodworski
ndm,2019,77,NA,1,0,0,NA,NA,NA,NA,NA,NA,NA,1414011,Nowy Dwór Mazowiecki,nowodworski
nieporet,2008,229,1.192166921,0,0,1,24.23263328,22.61,1,0.03,1.294572833,17.8,0.06539429,1408032,Nieporęt,legionowski
nieporet,2009,184,1.235445843,0,0,1,55.17893741,22.61,1,0.047,1.32657116,21.4,0.063122764,1408032,Nieporęt,legionowski
nieporet,2010,273,1.281443208,0,0,1,54.67895641,22.61,1,0.041,1.338701244,21.6,0.055713236,1408032,Nieporęt,legionowski
nieporet,2011,191,1.280907707,0,0,1,53.47593583,22.61,1,0.05,1.368817317,24.1,0.052380346,1408032,Nieporęt,legionowski
nieporet,2012,148,1.323041805,0,0,1,52.66325609,22.61,1,0.055,1.389940395,24.1,0.04978282,1408032,Nieporęt,legionowski
nieporet,2013,168,1.305083752,0,0,1,51.98277142,22.61,1,0.057,1.408135522,23.2,0.057898238,1408032,Nieporęt,legionowski
nieporet,2014,207,1.293774383,0,0,1,51.06879697,22.61,1,0.055,1.427217826,24.3,0.047334827,1408032,Nieporęt,legionowski
nieporet,2015,166,1.299737489,0,0,1,50.29819645,22.61,1,0.044,1.449083715,24.88,0.071162216,1408032,Nieporęt,legionowski
nieporet,2016,196,1.230919957,0,0,1,70.38288288,22.61,1,0.041,1.47938359,36.72,0.05238916,1408032,Nieporęt,legionowski
nieporet,2017,191,1.268863687,0,0,1,76.55369198,22.61,1,0.029,1.496147439,35.74,0.082010143,1408032,Nieporęt,legionowski
nieporet,2018,170,1.205854486,0,0,1,75.89870972,22.61,1,0.027,1.509058726,34.29,0.129475042,1408032,Nieporęt,legionowski
nieporet,2019,195,NA,0,0,1,NA,NA,NA,NA,NA,NA,NA,1408032,Nieporęt,legionowski
osieck,2008,3,0.345426702,0,0,1,0.5,40.23,0,0.03,0.510150044,9.1,0.006690477,1417062,Osieck,otwocki
osieck,2009,5,0.36550921,0,0,1,0.5,40.23,0,0.052,0.510444248,9.1,0.004722344,1417062,Osieck,otwocki
osieck,2010,6,0.386606218,0,0,1,0.5,40.23,0,0.047,0.513827596,9.1,0.005610724,1417062,Osieck,otwocki
osieck,2011,11,0.402114823,0,0,1,28.32058907,40.23,0,0.048,0.519417476,9.5,0.00438811,1417062,Osieck,otwocki
osieck,2012,0,0.410972332,0,0,1,28.29654782,40.23,0,0.058,0.519858782,9.5,0.002666097,1417062,Osieck,otwocki
osieck,2013,0,0.413726,0,0,1,28.36879433,40.23,0,0.051,0.518534863,9.5,0.009347115,1417062,Osieck,otwocki
osieck,2014,0,0.444495969,0,0,1,28.25656965,40.23,0,0.044,0.520594292,9.5,0.018948255,1417062,Osieck,otwocki
osieck,2015,0,0.465130986,0,0,1,28.02690583,40.23,0,0.04,0.524860253,9.5,0.00429778,1417062,Osieck,otwocki
osieck,2016,0,0.450504282,0,0,1,28.05836139,40.23,0,0.033,0.524271845,9.5,0.006259682,1417062,Osieck,otwocki
osieck,2017,5,0.463403523,0,0,1,55.81914597,40.23,0,0.034,0.527066784,9.5,0.006107864,1417062,Osieck,otwocki
osieck,2018,5,0.422644805,0,0,1,55.50929781,40.23,0,0.027,0.530008826,9.5,0.006349776,1417062,Osieck,otwocki
osieck,2019,14,NA,0,0,1,NA,NA,NA,NA,NA,NA,NA,1417062,Osieck,otwocki
otwock,2008,223,0.818749028,1,0,0,31.85148109,21.77,1,0.036,9.290636229,128.9,0.027688362,1417021,Otwock,otwocki
otwock,2009,190,0.819537224,1,0,0,33.92437127,21.77,1,0.054,9.346015642,141.1,0.031666908,1417021,Otwock,otwocki
otwock,2010,231,0.821322184,1,0,0,33.52704515,21.77,1,0.054,9.456774466,141.1,0.050486851,1417021,Otwock,otwocki
otwock,2011,234,0.847659207,1,0,0,40.08283786,21.77,1,0.056,9.492073557,161.1,0.034797881,1417021,Otwock,otwocki
otwock,2012,171,0.85475816,1,0,0,37.8248487,21.77,1,0.068,9.499894314,156.7,0.078792669,1417021,Otwock,otwocki
otwock,2013,170,0.873826171,1,0,0,44.4010301,21.77,1,0.066,9.521031494,151.66,0.050507709,1417021,Otwock,otwocki
otwock,2014,162,0.857033072,1,0,0,44.4197668,21.77,1,0.057,9.51701543,151.66,0.039788023,1417021,Otwock,otwocki
otwock,2015,171,0.865615235,1,0,0,44.42371338,21.77,1,0.047,9.516169943,145.1,0.052988682,1417021,Otwock,otwocki
otwock,2016,143,0.867656211,1,0,0,46.75810474,21.77,1,0.044,9.493130416,162.76,0.073573232,1417021,Otwock,otwocki
otwock,2017,160,0.868860221,1,0,0,46.79874312,21.77,1,0.038,9.484886916,162.76,0.045912094,1417021,Otwock,otwocki
otwock,2018,194,0.819853209,1,0,0,46.79144385,21.77,1,0.032,9.486366519,145.52,0.065618694,1417021,Otwock,otwocki
otwock,2019,123,NA,1,0,0,NA,NA,NA,NA,NA,NA,NA,1417021,Otwock,otwocki
ozarowmazowiecki,2008,62,0.790904182,0,1,0,23.86748771,14.94,1,0.024,2.939385436,182,0.395972282,1432063,Ożarów Mazowiecki,warszawski zachodni
ozarowmazowiecki,2009,172,0.84381921,0,1,0,23.5926957,14.94,1,0.036,2.97362144,178.4,0.058836903,1432063,Ożarów Mazowiecki,warszawski zachodni
ozarowmazowiecki,2010,245,0.899265593,0,1,0,28.13467129,14.94,1,0.041,2.992282868,202.2,0.215898737,1432063,Ożarów Mazowiecki,warszawski zachodni
ozarowmazowiecki,2011,206,0.93410363,0,1,0,32.35946746,14.94,1,0.042,3.035218184,208.2,0.408784181,1432063,Ożarów Mazowiecki,warszawski zachodni
ozarowmazowiecki,2012,259,0.946150788,0,1,0,27.24300763,14.94,1,0.047,3.090220289,208.2,0.389827102,1432063,Ożarów Mazowiecki,warszawski zachodni
ozarowmazowiecki,2013,195,0.946077537,0,1,0,31.18873641,14.94,1,0.051,3.149151115,217.7,0.386808217,1432063,Ożarów Mazowiecki,warszawski zachodni
ozarowmazowiecki,2014,231,0.967210119,0,1,0,35.09233671,14.94,1,0.039,3.198681072,217.7,0.476319462,1432063,Ożarów Mazowiecki,warszawski zachodni
ozarowmazowiecki,2015,197,0.977271712,0,1,0,38.80313874,14.94,1,0.027,3.254384734,214.34,0.024119899,1432063,Ożarów Mazowiecki,warszawski zachodni
ozarowmazowiecki,2016,261,0.929047127,0,1,0,42.36570073,14.94,1,0.02,3.311912446,219.66,0.098675653,1432063,Ożarów Mazowiecki,warszawski zachodni
ozarowmazowiecki,2017,249,0.965385989,0,1,0,41.56275977,14.94,1,0.015,3.375894486,184.86,0.337445766,1432063,Ożarów Mazowiecki,warszawski zachodni
ozarowmazowiecki,2018,342,0.950519076,0,1,0,40.52520668,14.94,1,0.014,3.462326365,190.08,0.444158822,1432063,Ożarów Mazowiecki,warszawski zachodni
ozarowmazowiecki,2019,373,NA,0,1,0,NA,NA,NA,NA,NA,NA,NA,1432063,Ożarów Mazowiecki,warszawski zachodni
piaseczno,2008,1103,1.797414844,0,1,0,52.83473003,16.65,1,0.025,5.312412288,125.4,0.390126318,1418043,Piaseczno,piaseczyński
piaseczno,2009,943,1.758299972,0,1,0,58.59905384,16.65,1,0.04,5.455091221,278.6,0.430078536,1418043,Piaseczno,piaseczyński
piaseczno,2010,1130,1.720144917,0,1,0,64.15083814,16.65,1,0.04,5.590675191,300.9,0.503580093,1418043,Piaseczno,piaseczyński
piaseczno,2011,1009,1.606479093,0,1,0,66.71204901,16.65,1,0.042,5.726648994,215.5,0.441521317,1418043,Piaseczno,piaseczyński
piaseczno,2012,792,1.58173635,0,1,0,66.65955631,16.65,1,0.05,5.848121004,217.5,0.43308121,1418043,Piaseczno,piaseczyński
piaseczno,2013,916,1.500529491,0,1,0,74.32229799,16.65,1,0.051,5.979494776,219.62,0.521534026,1418043,Piaseczno,piaseczyński
piaseczno,2014,849,1.531204843,0,1,0,76.74597084,16.65,1,0.047,6.095431155,239.86,0.479219973,1418043,Piaseczno,piaseczyński
piaseczno,2015,770,1.535771119,0,1,0,73.98954114,16.65,1,0.043,6.217137065,239.55,0.455091506,1418043,Piaseczno,piaseczyński
piaseczno,2016,704,1.523325421,0,1,0,70.19099339,16.65,1,0.038,6.331436145,269.96,0.459406435,1418043,Piaseczno,piaseczyński
piaseczno,2017,840,1.502233496,0,1,0,69.06914185,16.65,1,0.032,6.434274131,255.96,0.435712725,1418043,Piaseczno,piaseczyński
piaseczno,2018,802,1.418334179,0,1,0,69.21901852,16.65,1,0.029,6.532979885,285.98,0.391180277,1418043,Piaseczno,piaseczyński
piaseczno,2019,909,NA,0,1,0,NA,NA,NA,NA,NA,NA,NA,1418043,Piaseczno,piaseczyński
piastow,2008,119,1.204345863,1,0,0,21.66190105,12.5,1,0.023,40.07291667,63.8,0.432164878,1421011,Piastów,pruszkowski
piastow,2009,147,1.174811358,1,0,0,26.06655661,12.5,1,0.037,39.96180556,40.4,0.400919318,1421011,Piastów,pruszkowski
piastow,2010,160,1.145819949,1,0,0,26.11875326,12.5,1,0.039,39.88194444,43.8,0.446559787,1421011,Piastów,pruszkowski
piastow,2011,129,1.072852216,1,0,0,21.79979072,12.5,1,0.042,39.81944444,69,0.43545264,1421011,Piastów,pruszkowski
piastow,2012,131,1.052008508,1,0,0,26.18486515,12.5,1,0.053,39.78125,69,0.504415095,1421011,Piastów,pruszkowski
piastow,2013,143,1.058028516,1,0,0,26.28581442,12.5,1,0.055,39.62847222,68.68,0.425522774,1421011,Piastów,pruszkowski
piastow,2014,125,1.059603386,1,0,0,21.86270223,12.5,1,0.049,39.70486111,55.48,0.584169149,1421011,Piastów,pruszkowski
piastow,2015,122,1.033780223,1,0,0,21.80834824,12.5,1,0.045,39.80381944,54.36,0.594568014,1421011,Piastów,pruszkowski
piastow,2016,108,1.040126242,1,0,0,30.79494963,12.5,1,0.04,39.46354167,57.74,0.428797245,1421011,Piastów,pruszkowski
piastow,2017,113,1.027609859,1,0,0,35.19267992,12.5,1,0.033,39.46527778,57.74,0.641920745,1421011,Piastów,pruszkowski
piastow,2018,182,0.957007097,1,0,0,35.30917597,12.5,1,0.029,39.33506944,56.98,0.366467565,1421011,Piastów,pruszkowski
piastow,2019,173,NA,1,0,0,NA,NA,NA,NA,NA,NA,NA,1421011,Piastów,pruszkowski
podkowalesna,2008,37,3.404627658,1,0,0,26.06882169,22.89,1,0.017,3.786771964,62.5,0.127396658,1405021,Podkowa Leśna,pruszkowski
podkowalesna,2009,17,3.037497539,1,0,0,26.02811036,22.89,1,0.026,3.792694965,62.7,0.276040882,1405021,Podkowa Leśna,pruszkowski
podkowalesna,2010,46,2.663372493,1,0,0,25.31004809,22.89,1,0.022,3.90029615,62.7,0.099282265,1405021,Podkowa Leśna,pruszkowski
podkowalesna,2011,22,2.618836801,1,0,0,25.47121752,22.89,1,0.029,3.875616979,62.7,0.071183354,1405021,Podkowa Leśna,pruszkowski
podkowalesna,2012,29,2.724398757,1,0,0,25.4906959,22.89,1,0.035,3.872655479,62.7,0.074538775,1405021,Podkowa Leśna,pruszkowski
podkowalesna,2013,39,2.7883811,1,0,0,25.84647196,22.89,1,0.031,3.81934847,62.7,0.054570854,1405021,Podkowa Leśna,pruszkowski
podkowalesna,2014,32,2.76346132,1,0,0,26.00780234,22.89,1,0.033,3.795656466,68.7,0.094168082,1405021,Podkowa Leśna,pruszkowski
podkowalesna,2015,19,2.629715795,1,0,0,25.88661662,22.89,1,0.029,3.813425469,68.5,0.070668422,1405021,Podkowa Leśna,pruszkowski
podkowalesna,2016,15,2.459217825,1,0,0,25.95380223,22.89,1,0.02,3.803553801,68.5,0.079892427,1405021,Podkowa Leśna,pruszkowski
podkowalesna,2017,44,2.418889691,1,0,0,51.61290323,22.89,1,0.017,3.825271471,103.3,0.062442318,1405021,Podkowa Leśna,pruszkowski
podkowalesna,2018,22,2.333630856,1,0,0,77.84120394,22.89,1,0.014,3.804540967,103.17,0.063887253,1405021,Podkowa Leśna,pruszkowski
podkowalesna,2019,30,NA,1,0,0,NA,NA,NA,NA,NA,NA,NA,1405021,Podkowa Leśna,pruszkowski
pomiechowek,2008,12,0.550408985,0,0,1,11.2561909,32.93,1,0.03,0.86521231,16.7,0.004852863,1414052,Pomiechówek,nowodworski
pomiechowek,2009,24,0.535583211,0,0,1,11.20197155,32.93,1,0.044,0.869400078,17.1,0.015020292,1414052,Pomiechówek,nowodworski
pomiechowek,2010,32,0.520965705,0,0,1,11.20322653,32.93,1,0.063,0.869302688,17.1,0.029931093,1414052,Pomiechówek,nowodworski
pomiechowek,2011,23,0.561899117,0,0,1,11.18443127,32.93,1,0.071,0.870763537,6,0.084981702,1414052,Pomiechówek,nowodworski
pomiechowek,2012,47,0.596572739,0,0,1,11.12099644,32.93,1,0.068,0.875730425,6,0.097568005,1414052,Pomiechówek,nowodworski
pomiechowek,2013,36,0.635116547,0,0,1,11.07910481,32.93,1,0.074,0.879041683,6.54,0.08337722,1414052,Pomiechówek,nowodworski
pomiechowek,2014,26,0.598532506,0,0,1,11.12594571,32.93,1,0.071,0.875340865,6.54,0.079979934,1414052,Pomiechówek,nowodworski
pomiechowek,2015,16,0.587521577,0,0,1,11.10124334,32.93,1,0.06,0.877288664,6.88,0.038963739,1414052,Pomiechówek,nowodworski
pomiechowek,2016,19,0.613824073,0,0,1,11.06929378,32.93,1,0.052,0.879820802,11.18,0.013388402,1414052,Pomiechówek,nowodworski
pomiechowek,2017,36,0.643395816,0,0,1,10.98177026,32.93,1,0.036,0.886832879,11.18,0.040220331,1414052,Pomiechówek,nowodworski
pomiechowek,2018,33,0.623143845,0,0,1,10.99868016,32.93,1,0.038,0.88546942,10.76,0.015777299,1414052,Pomiechówek,nowodworski
pomiechowek,2019,16,NA,0,0,1,NA,NA,NA,NA,NA,NA,NA,1414052,Pomiechówek,nowodworski
poswietne,2008,12,0.158900498,0,0,1,0.5,30.03,0,0.043,0.566907167,1.9,0.014838808,1434082,Poświętne,wołomiński
poswietne,2009,5,0.217920705,0,0,1,0.5,30.03,0,0.074,0.57046657,1.9,0.017160412,1434082,Poświętne,wołomiński
poswietne,2010,0,0.27890476,0,0,1,16.59751037,30.03,0,0.074,0.57960558,1.9,0.012481502,1434082,Poświętne,wołomiński
poswietne,2011,0,0.264579237,0,0,1,16.64724488,30.03,0,0.077,0.577873978,1.9,0.017221492,1434082,Poświętne,wołomiński
poswietne,2012,6,0.27868013,0,0,1,16.52346332,30.03,0,0.097,0.582202982,1.9,0.015796224,1434082,Poświętne,wołomiński
poswietne,2013,12,0.291661761,0,0,1,16.44466371,30.03,0,0.111,0.584992785,1.9,0.005922146,1434082,Poświętne,wołomiński
poswietne,2014,7,0.30428529,0,0,1,16.29460649,30.03,0,0.096,0.59037999,1.9,0.005605873,1434082,Poświętne,wołomiński
poswietne,2015,9,0.325771149,0,0,1,16.24959376,30.03,0,0.071,0.592015392,1.9,0.00347835,1434082,Poświętne,wołomiński
poswietne,2016,6,0.332873812,0,0,1,32.33629749,30.03,0,0.058,0.594997595,1.9,0.003424324,1434082,Poświętne,wołomiński
poswietne,2017,11,0.330287639,0,0,1,32.28410008,30.03,0,0.043,0.595959596,1.9,0.004290749,1434082,Poświętne,wołomiński
poswietne,2018,14,0.326211944,0,0,1,32.13883979,30.03,0,0.042,0.598653199,2.33,0.006439336,1434082,Poświętne,wołomiński
poswietne,2019,0.5,NA,0,0,1,NA,NA,NA,NA,NA,NA,NA,1434082,Poświętne,wołomiński
prazmow,2008,77,0.658700172,0,0,1,22.11655424,32.44,0,0.033,1.04579623,6.2,0.058588006,1418052,Prażmów,piaseczyński
prazmow,2009,105,0.683803723,0,0,1,21.66612501,32.44,0,0.052,1.067537874,6.2,0.052792355,1418052,Prażmów,piaseczyński
prazmow,2010,123,0.710445094,0,0,1,31.3283208,32.44,0,0.058,1.107436105,6.2,0.076791823,1418052,Prażmów,piaseczyński
prazmow,2011,79,0.704659935,0,0,1,40.99200656,32.44,0,0.055,1.128483867,6.2,0.017142473,1418052,Prażmów,piaseczyński
prazmow,2012,102,0.720808813,0,0,1,40.23740066,32.44,0,0.066,1.149647277,6.2,0.045339566,1418052,Prażmów,piaseczyński
prazmow,2013,105,0.721953415,0,0,1,49.52456418,32.44,0,0.068,1.167572569,6.2,0.033103827,1418052,Prażmów,piaseczyński
prazmow,2014,74,0.747035118,0,0,1,48.50601475,32.44,0,0.057,1.192089742,6.2,0.128819168,1418052,Prażmów,piaseczyński
prazmow,2015,84,0.804449153,0,0,1,57.30659026,32.44,0,0.057,1.210824563,6.2,0.054392397,1418052,Prażmów,piaseczyński
prazmow,2016,74,0.831581217,0,0,1,47.09871891,32.44,0,0.046,1.227709032,6.2,0.082926005,1418052,Prażmów,piaseczyński
prazmow,2017,56,0.832177436,0,0,1,46.27915587,32.44,0,0.039,1.249450677,6.2,0.082688943,1418052,Prażmów,piaseczyński
prazmow,2018,112,0.834148442,0,0,1,45.47108039,32.44,0,0.034,1.271654909,6.2,0.057725735,1418052,Prażmów,piaseczyński
prazmow,2019,87,NA,0,0,1,NA,NA,NA,NA,NA,NA,NA,1418052,Prażmów,piaseczyński
pruszkow,2008,276,1.080951098,1,0,0,30.37287167,15.13,1,0.03,29.16675352,285.7,0.61450237,1421021,Pruszków,pruszkowski
pruszkow,2009,338,1.080576637,1,0,0,31.84995134,15.13,1,0.046,29.4502345,275.9,0.632630825,1421021,Pruszków,pruszkowski
pruszkow,2010,353,1.081475592,1,0,0,29.26846065,15.13,1,0.049,30.26732673,275.9,0.635198712,1421021,Pruszków,pruszkowski
pruszkow,2011,304,1.064993633,1,0,0,30.77238691,15.13,1,0.052,30.48150078,468.3,0.567526281,1421021,Pruszków,pruszkowski
pruszkow,2012,347,1.054983385,1,0,0,32.18975011,15.13,1,0.058,30.7582074,468.3,0.588887036,1421021,Pruszków,pruszkowski
pruszkow,2013,374,1.03098255,1,0,0,33.57394662,15.13,1,0.063,31.04220948,263.48,0.424001545,1421021,Pruszków,pruszkowski
pruszkow,2014,341,1.044210478,1,0,0,41.6194979,15.13,1,0.053,31.30171965,263.48,0.381596655,1421021,Pruszków,pruszkowski
pruszkow,2015,301,1.030024118,1,0,0,44.59345632,15.13,1,0.047,31.55132882,256.64,0.486329198,1421021,Pruszków,pruszkowski
pruszkow,2016,300,1.012884362,1,0,0,46.00269444,15.13,1,0.043,31.71756123,260.02,0.430598944,1421021,Pruszków,pruszkowski
pruszkow,2017,308,1.007956839,1,0,0,44.09099074,15.13,1,0.033,31.91089109,260.02,0.469773948,1421021,Pruszków,pruszkowski
pruszkow,2018,336,0.947077187,1,0,0,48.55626052,15.13,1,0.029,32.19593538,262.56,0.57720542,1421021,Pruszków,pruszkowski
pruszkow,2019,383,NA,1,0,0,NA,NA,NA,NA,NA,NA,NA,1421021,Pruszków,pruszkowski
radzymin,2008,186,0.763034244,0,1,0,24.28835131,23.81,1,0.039,1.585123585,45.4,0.061833877,1434093,Radzymin,wołomiński
radzymin,2009,178,0.759684003,0,1,0,33.15492824,23.81,1,0.06,1.625702626,52.6,0.081648834,1434093,Radzymin,wołomiński
radzymin,2010,281,0.757139849,0,1,0,35.71906952,23.81,1,0.063,1.724570725,52.6,0.052301452,1434093,Radzymin,wołomiński
radzymin,2011,273,0.751562618,0,1,0,34.51697804,23.81,1,0.07,1.784630785,48.6,0.044049654,1434093,Radzymin,wołomiński
radzymin,2012,292,0.689003579,0,1,0,37.56417213,23.81,1,0.086,1.844844845,48.6,0.038649514,1434093,Radzymin,wołomiński
radzymin,2013,212,0.672613846,0,1,0,36.66286459,23.81,1,0.102,1.89019789,73.02,0.173028111,1434093,Radzymin,wołomiński
radzymin,2014,179,0.717726805,0,1,0,39.91856613,23.81,1,0.085,1.93503785,73.02,0.224383608,1434093,Radzymin,wołomiński
radzymin,2015,210,0.729110037,0,1,0,42.86326618,23.81,1,0.073,1.982311139,53.6,0.197221771,1434093,Radzymin,wołomiński
radzymin,2016,164,0.799458693,0,1,0,49.73221117,23.81,1,0.06,2.019156496,48.56,0.187430412,1434093,Radzymin,wołomiński
radzymin,2017,152,0.798709562,0,1,0,60.20922706,23.81,1,0.046,2.052680365,48.56,0.225366965,1434093,Radzymin,wołomiński
radzymin,2018,220,0.796581481,0,1,0,62.96995963,23.81,1,0.043,2.08535455,48.4,0.222760707,1434093,Radzymin,wołomiński
radzymin,2019,232,NA,0,1,0,NA,NA,NA,NA,NA,NA,NA,1434093,Radzymin,wołomiński
raszyn,2008,210,1.282136574,0,0,1,34.9615423,10.56,0,0.021,4.559781371,30.4,0.674492061,1421062,Raszyn,pruszkowski
raszyn,2009,170,1.234067732,0,0,1,29.6912114,10.56,0,0.034,4.602140742,38.2,0.552433193,1421062,Raszyn,pruszkowski
raszyn,2010,182,1.186077028,0,0,1,37.99572548,10.56,0,0.03,4.795035299,38.2,0.617457509,1421062,Raszyn,pruszkowski
raszyn,2011,118,1.231433878,0,0,1,42.47286456,10.56,0,0.037,4.825780005,40.4,0.447350323,1421062,Raszyn,pruszkowski
raszyn,2012,117,1.179109647,0,0,1,42.45283019,10.56,0,0.042,4.82805739,40.4,0.389364958,1421062,Raszyn,pruszkowski
raszyn,2013,159,1.205032998,0,0,1,42.16641679,10.56,0,0.05,4.860851742,40.78,0.18117933,1421062,Raszyn,pruszkowski
raszyn,2014,133,1.177812683,0,0,1,51.34189032,10.56,0,0.043,4.879298565,40.78,0.418788165,1421062,Raszyn,pruszkowski
raszyn,2015,108,1.172138433,0,0,1,51.17945378,10.56,0,0.036,4.894784787,41.3,0.123626985,1421062,Raszyn,pruszkowski
raszyn,2016,116,1.166009718,0,0,1,60.31083275,10.56,0,0.033,4.908904578,35.64,0.159499198,1421062,Raszyn,pruszkowski
raszyn,2017,156,1.093483474,0,0,1,60.15176754,10.56,0,0.026,4.921885675,35.64,0.192026198,1421062,Raszyn,pruszkowski
raszyn,2018,109,1.041633198,0,0,1,59.89955306,10.56,0,0.021,4.942609884,35.06,0.189283282,1421062,Raszyn,pruszkowski
raszyn,2019,160,NA,0,0,1,NA,NA,NA,NA,NA,NA,NA,1421062,Raszyn,pruszkowski
serock,2008,134,0.560419226,0,1,0,24.98126405,31.44,0,0.036,1.088856651,118.5,0.040279742,1408043,Serock,legionowski
serock,2009,152,0.584286574,0,1,0,24.34472125,31.44,0,0.052,1.117327047,119.5,0.057902452,1408043,Serock,legionowski
serock,2010,155,0.60953776,0,1,0,31.26465531,31.44,0,0.052,1.160032641,119.5,0.077392437,1408043,Serock,legionowski
serock,2011,109,0.620206077,0,1,0,30.51106026,31.44,0,0.063,1.188684378,117.1,0.074947841,1408043,Serock,legionowski
serock,2012,147,0.652117095,0,1,0,37.33014783,31.44,0,0.069,1.214434672,117.1,0.116616331,1408043,Serock,legionowski
serock,2013,139,0.680708318,0,1,0,36.56039778,31.44,0,0.082,1.240003627,116.62,0.072345175,1408043,Serock,legionowski
serock,2014,113,0.705566498,0,1,0,35.98157743,31.44,0,0.08,1.259951038,118.62,0.08896476,1408043,Serock,legionowski
serock,2015,119,0.728133449,0,1,0,35.52902722,31.44,0,0.065,1.275999637,115.18,0.085836008,1408043,Serock,legionowski
serock,2016,95,0.702387256,0,1,0,34.99685028,31.44,0,0.061,1.295403028,118.92,0.088706858,1408043,Serock,legionowski
serock,2017,113,0.71160042,0,1,0,27.6147739,31.44,0,0.043,1.313355699,118.92,0.134979948,1408043,Serock,legionowski
serock,2018,141,0.713346526,0,1,0,33.9951047,31.44,0,0.042,1.33357512,118.5,0.080434144,1408043,Serock,legionowski
serock,2019,228,NA,0,1,0,NA,NA,NA,NA,NA,NA,NA,1408043,Serock,legionowski
siennica,2008,7,0.316970292,0,0,1,14.26533524,44.69,0,0.03,0.63227203,9.5,0.02005199,1412132,Siennica,miński
siennica,2009,16,0.423081628,0,0,1,14.18842225,44.69,0,0.044,0.635699468,10.9,0.011462566,1412132,Siennica,miński
siennica,2010,6,0.53276091,0,0,1,13.69675387,44.69,0,0.044,0.658518986,10.9,0.003310629,1412132,Siennica,miński
siennica,2011,23,0.777004525,0,0,1,13.62954886,44.69,0,0.047,0.661766032,9.9,0.01115086,1412132,Siennica,miński
siennica,2012,6,0.754530746,0,0,1,40.8496732,44.69,0,0.055,0.662397402,9.9,0.016084597,1412132,Siennica,miński
siennica,2013,0,0.504619763,0,0,1,54.5553737,44.69,0,0.058,0.661315054,9.5,0.008414511,1412132,Siennica,miński
siennica,2014,7,0.442355826,0,0,1,54.26672093,44.69,0,0.042,0.664832687,9.5,0.004093727,1412132,Siennica,miński
siennica,2015,0,0.487542412,0,0,1,53.9883925,44.69,0,0.035,0.668260124,10.22,0.017196367,1412132,Siennica,miński
siennica,2016,4,0.646271458,0,0,1,53.64087435,44.69,0,0.028,0.672589519,9.94,0.047157601,1412132,Siennica,miński
siennica,2017,0,0.515234175,0,0,1,53.57621216,44.69,0,0.021,0.673401281,9.94,0.01198462,1412132,Siennica,miński
siennica,2018,6,0.537126597,0,0,1,53.53319058,44.69,0,0.026,0.673942455,10.02,0.016957125,1412132,Siennica,miński
siennica,2019,0.5,NA,0,0,1,NA,NA,NA,NA,NA,NA,NA,1412132,Siennica,miński
sobienie,2008,11,0.282151332,0,0,1,16.05136437,38.57,0,0.02,0.637796888,8.9,0.013045212,1417072,Sobienie-Jeziory,otwocki
sobienie,2009,7,0.30805469,0,0,1,16.05651895,38.57,0,0.031,0.637592138,8.9,0.007788821,1417072,Sobienie-Jeziory,otwocki
sobienie,2010,3,0.335072404,0,0,1,15.83782072,38.57,0,0.038,0.646396396,8.9,0.008354458,1417072,Sobienie-Jeziory,otwocki
sobienie,2011,6,0.384355252,0,0,1,15.89319771,38.57,0,0.038,0.644144144,8.9,0.062508449,1417072,Sobienie-Jeziory,otwocki
sobienie,2012,7,0.37760978,0,0,1,15.79279848,38.57,0,0.048,0.648239148,8.9,0.013729597,1417072,Sobienie-Jeziory,otwocki
sobienie,2013,4,0.405998581,0,0,1,15.72821642,38.57,0,0.044,0.650900901,8.9,0.030087871,1417072,Sobienie-Jeziory,otwocki
sobienie,2014,0,0.420390263,0,0,1,15.63721658,38.57,0,0.04,0.65468878,8.9,0.007422226,1417072,Sobienie-Jeziory,otwocki
sobienie,2015,0,0.446492359,0,0,1,15.68627451,38.57,0,0.031,0.652641278,8.9,0.037021797,1417072,Sobienie-Jeziory,otwocki
sobienie,2016,6,0.42523477,0,0,1,15.65435191,38.57,0,0.031,0.653972154,8.9,0.013654117,1417072,Sobienie-Jeziory,otwocki
sobienie,2017,0,0.443508138,0,0,1,15.70105197,38.57,0,0.029,0.652027027,8.9,0.005808875,1417072,Sobienie-Jeziory,otwocki
sobienie,2018,18,0.41983253,0,0,1,15.67398119,38.57,0,0.022,0.653153153,8.9,0.014437005,1417072,Sobienie-Jeziory,otwocki
sobienie,2019,0.5,NA,0,0,1,NA,NA,NA,NA,NA,NA,NA,1417072,Sobienie-Jeziory,otwocki
stanislawow,2008,0,0.235681238,0,0,1,47.49841672,37.49,0,0.026,0.590445919,3.3,0.009012553,1412142,Stanisławów,miński
stanislawow,2009,10,0.266273826,0,0,1,47.15498271,37.49,0,0.036,0.598100968,3.3,0.008354458,1412142,Stanisławów,miński
stanislawow,2010,5,0.298066568,0,0,1,46.16805171,37.49,0,0.043,0.610886528,3.3,0.00598525,1412142,Stanisławów,miński
stanislawow,2011,10,0.332527995,0,0,1,45.91368228,37.49,0,0.046,0.614270941,3.3,0.004845916,1412142,Stanisławów,miński
stanislawow,2012,8,0.327046846,0,0,1,45.42013626,37.49,0,0.059,0.620945755,3.3,0.010166298,1412142,Stanisławów,miński
stanislawow,2013,8,0.343947409,0,0,1,60.24096386,37.49,0,0.066,0.624236157,3.3,0.009488123,1412142,Stanisławów,miński
stanislawow,2014,15,0.366116606,0,0,1,59.84440455,37.49,0,0.054,0.628372661,3.3,0.014734602,1412142,Stanisławów,miński
stanislawow,2015,8,0.379099491,0,0,1,59.90714393,37.49,0,0.045,0.627714581,3.3,0.011071703,1412142,Stanisławów,miński
stanislawow,2016,13,0.377402916,0,0,1,59.29439668,37.49,0,0.03,0.634201373,3.68,0.01239763,1412142,Stanisławów,miński
stanislawow,2017,6,0.392661206,0,0,1,59.37360843,37.49,0,0.023,0.633355269,3.68,0.011638909,1412142,Stanisławów,miński
stanislawow,2018,6,0.40686848,0,0,1,59.11038865,37.49,0,0.029,0.636175613,3.48,0.005664845,1412142,Stanisławów,miński
stanislawow,2019,8,NA,0,0,1,NA,NA,NA,NA,NA,NA,NA,1412142,Stanisławów,miński
starebabice,2008,353,1.61008857,0,0,1,36.56975681,12.53,0,0.018,2.587038789,20.2,0.150480881,1432072,Stare Babice,warszawski zachodni
starebabice,2009,255,1.651961939,0,0,1,41.87103721,12.53,0,0.031,2.636076947,6.6,0.06578514,1432072,Stare Babice,warszawski zachodni
starebabice,2010,269,1.697008168,0,0,1,53.19777752,12.53,0,0.034,2.66761274,22.6,0.054169115,1432072,Stare Babice,warszawski zachodni
starebabice,2011,216,1.660898231,0,0,1,58.3532707,12.53,0,0.039,2.702144434,24.6,0.078205995,1432072,Stare Babice,warszawski zachodni
starebabice,2012,263,1.627637311,0,0,1,57.50761976,12.53,0,0.041,2.741879533,24.6,0.136260346,1432072,Stare Babice,warszawski zachodni
starebabice,2013,289,1.652276677,0,0,1,62.52486785,12.53,0,0.046,2.774046042,24.84,0.114536159,1432072,Stare Babice,warszawski zachodni
starebabice,2014,257,1.688715753,0,0,1,67.55615605,12.53,0,0.039,2.800851466,24.84,0.075866573,1432072,Stare Babice,warszawski zachodni
starebabice,2015,298,1.729452579,0,0,1,66.51515991,12.53,0,0.035,2.844686219,23.2,0.039865207,1432072,Stare Babice,warszawski zachodni
starebabice,2016,285,1.666163526,0,0,1,60.10600514,12.53,0,0.028,2.88568275,22.5,0.0775823,1432072,Stare Babice,warszawski zachodni
starebabice,2017,334,1.681484435,0,0,1,64.42261234,12.53,0,0.018,2.937086093,22.5,0.150166735,1432072,Stare Babice,warszawski zachodni
starebabice,2018,361,1.660369746,0,0,1,63.57615894,12.53,0,0.016,2.976190476,96.27,0.142142355,1432072,Stare Babice,warszawski zachodni
starebabice,2019,424,NA,0,0,1,NA,NA,NA,NA,NA,NA,NA,1432072,Stare Babice,warszawski zachodni
strachowka,2008,0,0.097283091,0,0,1,33.99048266,47.68,0,0.072,0.274517122,5.8,0.013763713,1434102,Strachówka,wołomiński
strachowka,2009,8,0.145232562,0,0,1,34.29355281,47.68,0,0.09,0.270676692,5.8,0.009755714,1434102,Strachówka,wołomiński
strachowka,2010,0,0.194739705,0,0,1,34.18803419,47.68,0,0.1,0.271512114,5.8,0.004766116,1434102,Strachówka,wołomiński
strachowka,2011,0,0.222777376,0,0,1,34.50655625,47.68,0,0.098,0.269005848,5.8,0.003366398,1434102,Strachówka,wołomiński
strachowka,2012,4,0.219901344,0,0,1,35.0385424,47.68,0,0.119,0.264921563,5.8,0.01527941,1434102,Strachówka,wołomiński
strachowka,2013,0,0.275801234,0,0,1,35.24850194,47.68,0,0.129,0.263343544,5.8,0.005305986,1434102,Strachówka,wołomiński
strachowka,2014,3,0.241361517,0,0,1,35.71428571,47.68,0,0.119,0.259909032,5.8,0.01461774,1434102,Strachówka,wołomiński
strachowka,2015,0,0.225299517,0,0,1,35.98416697,47.68,0,0.11,0.257959714,5.8,0.010732916,1434102,Strachówka,wołomiński
strachowka,2016,0,0.24424875,0,0,1,36.25815809,47.68,0,0.093,0.256010396,6.08,0.00841457,1434102,Strachówka,wołomiński
strachowka,2017,0,0.250827279,0,0,1,36.35041803,47.68,0,0.064,0.255360624,6.08,0.002236313,1434102,Strachówka,wołomiński
strachowka,2018,0,0.262644928,0,0,1,18.23486506,47.68,0,0.048,0.254525202,9.94,0.003433238,1434102,Strachówka,wołomiński
strachowka,2019,3,NA,0,0,1,NA,NA,NA,NA,NA,NA,NA,1434102,Strachówka,wołomiński
sulejowek,2008,169,0.981724178,1,0,0,10.62191301,17.4,1,0.023,9.750906266,55.1,0.064997859,1412151,Sulejówek,miński
sulejowek,2009,147,1.004379656,1,0,0,10.5374078,17.4,1,0.029,9.829104091,53.1,0.111992389,1412151,Sulejówek,miński
sulejowek,2010,133,1.028883234,1,0,0,10.41449698,17.4,1,0.03,9.945106163,53.1,0.140611619,1412151,Sulejówek,miński
sulejowek,2011,125,0.978383329,1,0,0,15.52553951,17.4,1,0.036,10.00673226,51.7,0.11954581,1412151,Sulejówek,miński
sulejowek,2012,143,0.997891693,1,0,0,20.69536424,17.4,1,0.046,10.0093216,54,0.24579303,1412151,Sulejówek,miński
sulejowek,2013,101,1.00359851,1,0,0,20.71358293,17.4,1,0.049,10.00051787,35.33,0.360396117,1412151,Sulejówek,miński
sulejowek,2014,126,1.028584751,1,0,0,20.60687239,17.4,1,0.04,10.05230451,36.74,0.183888614,1412151,Sulejówek,miński
sulejowek,2015,87,1.033554857,1,0,0,20.53282686,17.4,1,0.032,10.08855515,88.34,0.27691099,1412151,Sulejówek,miński
sulejowek,2016,89,1.041464358,1,0,0,25.65549797,17.4,1,0.026,10.09269808,84.47,0.202128574,1412151,Sulejówek,miński
sulejowek,2017,134,1.026904147,1,0,0,30.51416366,17.4,1,0.021,10.18280684,84.35,0.344812959,1412151,Sulejówek,miński
sulejowek,2018,138,0.931420788,1,0,0,30.4352237,17.4,1,0.022,10.20921802,88.65,0.316964149,1412151,Sulejówek,miński
sulejowek,2019,167,NA,1,0,0,NA,NA,NA,NA,NA,NA,NA,1412151,Sulejówek,miński
tarczyn,2008,29,0.510379864,0,1,0,9.373828271,30.44,0,0.032,0.933578367,9.3,0.06391751,1418063,Tarczyn,piaseczyński
tarczyn,2009,24,0.532119716,0,1,0,9.344047842,30.44,0,0.056,0.936553776,16.7,0.132749751,1418063,Tarczyn,piaseczyński
tarczyn,2010,37,0.555119953,0,1,0,9.050592814,30.44,0,0.057,0.966920452,16.7,0.269332021,1418063,Tarczyn,piaseczyński
tarczyn,2011,34,0.518396982,0,1,0,8.985533291,30.44,0,0.054,0.973921414,17.1,0.122272588,1418063,Tarczyn,piaseczyński
tarczyn,2012,26,0.548824958,0,1,0,8.924587238,30.44,0,0.058,0.980572329,17.1,0.023325687,1418063,Tarczyn,piaseczyński
tarczyn,2013,47,0.537586863,0,1,0,17.75725828,30.44,0,0.062,0.985648027,18.1,0.175644368,1418063,Tarczyn,piaseczyński
tarczyn,2014,41,0.605275298,0,1,0,17.73364072,30.44,0,0.055,0.986960707,18.1,0.197730049,1418063,Tarczyn,piaseczyński
tarczyn,2015,48,0.623429939,0,1,0,17.69441741,30.44,0,0.052,0.989148508,15.88,0.066792965,1418063,Tarczyn,piaseczyński
tarczyn,2016,29,0.634429516,0,1,0,17.57778168,30.44,0,0.051,0.99571191,15.12,0.126371205,1418063,Tarczyn,piaseczyński
tarczyn,2017,34,0.619864943,0,1,0,17.52080596,30.44,0,0.048,0.998949856,15.12,0.10901662,1418063,Tarczyn,piaseczyński
tarczyn,2018,28,0.585894689,0,1,0,17.44135345,30.44,0,0.042,1.003500481,16.32,0.02580612,1418063,Tarczyn,piaseczyński
tarczyn,2019,50,NA,0,1,0,NA,NA,NA,NA,NA,NA,NA,1418063,Tarczyn,piaseczyński
tluszcz,2008,21,0.366492281,0,1,0,26.65387281,36.24,1,0.064,1.821085332,14.7,0.020557174,1434113,Tłuszcz,wołomiński
tluszcz,2009,22,0.394994472,0,1,0,26.54209576,36.24,1,0.087,1.82875449,17.4,0.021371379,1434113,Tłuszcz,wołomiński
tluszcz,2010,12,0.424789415,0,1,0,26.05931099,36.24,1,0.095,1.862634696,17.4,0.072202936,1434113,Tłuszcz,wołomiński
tluszcz,2011,3,0.474863745,0,1,0,31.00775194,36.24,1,0.088,1.878458402,17.4,0.065558635,1434113,Tłuszcz,wołomiński
tluszcz,2012,30,0.487071294,0,1,0,36.02490865,36.24,1,0.104,1.886321716,17.4,0.020012576,1434113,Tłuszcz,wołomiński
tluszcz,2013,29,0.484528474,0,1,0,35.8037952,36.24,1,0.11,1.897971071,17.4,0.089878462,1434113,Tłuszcz,wołomiński
tluszcz,2014,48,0.502808138,0,1,0,40.67727666,36.24,1,0.099,1.909232113,17.4,0.064641044,1434113,Tłuszcz,wołomiński
tluszcz,2015,15,0.510396224,0,1,0,40.44080477,36.24,1,0.09,1.920396078,17.4,0.019395975,1434113,Tłuszcz,wołomiński
tluszcz,2016,13,0.518462022,0,1,0,40.27994562,36.24,1,0.078,1.928065236,17.74,0.022063339,1434113,Tłuszcz,wołomiński
tluszcz,2017,26,0.508512087,0,1,0,45.02251126,36.24,1,0.062,1.940588292,20.2,0.05294776,1434113,Tłuszcz,wołomiński
tluszcz,2018,20,0.490295317,0,1,0,44.94157595,36.24,1,0.049,1.944083099,20.14,0.061395183,1434113,Tłuszcz,wołomiński
tluszcz,2019,26,NA,0,1,0,NA,NA,NA,NA,NA,NA,NA,1434113,Tłuszcz,wołomiński
wiazowna,2008,147,0.601709393,0,0,1,28.74113815,20.18,0,0.023,1.022130826,33.1,0.040813889,1417082,Wiązowna,otwocki
wiazowna,2009,168,0.721657422,0,0,1,27.91476691,20.18,0,0.035,1.052389346,33.1,0.025664013,1417082,Wiązowna,otwocki
wiazowna,2010,231,0.845927933,0,0,1,27.51788663,20.18,0,0.039,1.067567568,33.1,0.046286546,1417082,Wiązowna,otwocki
wiazowna,2011,188,0.885044502,0,0,1,26.6075388,20.18,0,0.042,1.104093224,32.7,0.038218923,1417082,Wiązowna,otwocki
wiazowna,2012,139,0.999638685,0,0,1,43.3990105,20.18,0,0.048,1.12818253,32.7,0.023248576,1417082,Wiązowna,otwocki
wiazowna,2013,147,1.074391325,0,0,1,42.53147329,20.18,0,0.047,1.151194673,32.7,0.024813011,1417082,Wiązowna,otwocki
wiazowna,2014,156,1.030921894,0,0,1,41.54549231,20.18,0,0.044,1.178515472,32.7,0.033517689,1417082,Wiązowna,otwocki
wiazowna,2015,104,1.034840279,0,0,1,65.34346157,20.18,0,0.039,1.198883666,32.7,0.019240478,1417082,Wiązowna,otwocki
wiazowna,2016,83,1.130460689,0,0,1,64.23638991,20.18,0,0.034,1.219545633,32.7,0.019427728,1417082,Wiązowna,otwocki
wiazowna,2017,126,1.261863591,0,0,1,63.0268652,20.18,0,0.026,1.242949471,32.7,0.023075862,1417082,Wiązowna,otwocki
wiazowna,2018,130,1.22094723,0,0,1,77.75445144,20.18,0,0.024,1.259400705,33.2,0.031617247,1417082,Wiązowna,otwocki
wiazowna,2019,192,NA,0,0,1,NA,NA,NA,NA,NA,NA,NA,1417082,Wiązowna,otwocki
wieliszew,2008,85,0.73388575,0,0,1,37.92907263,24.79,1,0.029,0.994061646,9.5,0.046528481,1408052,Wieliszew,legionowski
wieliszew,2009,100,0.687266164,0,0,1,36.84598379,24.79,1,0.045,1.023282119,10.9,0.062333748,1408052,Wieliszew,legionowski
wieliszew,2010,121,0.640116722,0,0,1,35.37944454,24.79,1,0.051,1.065698935,10.9,0.088042028,1408052,Wieliszew,legionowski
wieliszew,2011,140,0.68139521,0,0,1,34.45305771,24.79,1,0.059,1.094353851,41.7,0.109535381,1408052,Wieliszew,legionowski
wieliszew,2012,126,0.719351322,0,0,1,33.63605785,24.79,1,0.071,1.120935055,41.7,0.057305798,1408052,Wieliszew,legionowski
wieliszew,2013,141,0.734471834,0,0,1,32.93536435,24.79,1,0.078,1.144782732,44.54,0.044259403,1408052,Wieliszew,legionowski
wieliszew,2014,132,0.768364907,0,0,1,32.25806452,24.79,1,0.068,1.168818927,44.54,0.153743386,1408052,Wieliszew,legionowski
wieliszew,2015,148,0.745161125,0,0,1,31.45643284,24.79,1,0.057,1.198604958,16.06,0.200224534,1408052,Wieliszew,legionowski
wieliszew,2016,135,0.786580291,0,0,1,30.41593795,24.79,1,0.05,1.23960788,15.86,0.198304415,1408052,Wieliszew,legionowski
wieliszew,2017,154,0.832348517,0,0,1,36.83783983,24.79,1,0.038,1.279385427,15.86,0.236438572,1408052,Wieliszew,legionowski
wieliszew,2018,202,0.824986061,0,0,1,42.09049456,24.79,1,0.036,1.343670468,19.02,0.256406337,1408052,Wieliszew,legionowski
wieliszew,2019,307,NA,0,0,1,NA,NA,NA,NA,NA,NA,NA,1408052,Wieliszew,legionowski
wolomin,2008,118,0.635107902,0,1,0,19.89297579,19.9,1,0.048,8.152611093,78.3,0.593118906,1434123,Wołomin,wołomiński
wolomin,2009,130,0.681088748,0,1,0,23.73934202,19.9,1,0.07,8.198021408,85.3,0.590577126,1434123,Wołomin,wołomiński
wolomin,2010,175,0.729207247,0,1,0,25.44479458,19.9,1,0.072,8.285922802,85.3,0.251735479,1434123,Wołomin,wołomiński
wolomin,2011,150,0.770037548,0,1,0,25.29921183,19.9,1,0.073,8.333603633,96.7,0.208231911,1434123,Wołomin,wołomiński
wolomin,2012,114,0.801709507,0,1,0,29.13526533,19.9,1,0.09,8.349659423,96.7,0.181921989,1434123,Wołomin,wołomiński
wolomin,2013,128,0.816759184,0,1,0,34.83578797,19.9,1,0.097,8.379987026,96.2,0.145367831,1434123,Wołomin,wołomiński
wolomin,2014,95,0.750948265,0,1,0,36.77253285,19.9,1,0.091,8.379662666,96.2,0.216539443,1434123,Wołomin,wołomiński
wolomin,2015,107,0.752097398,0,1,0,44.47968439,19.9,1,0.081,8.386149854,96.76,0.195744887,1434123,Wołomin,wołomiński
wolomin,2016,128,0.761627904,0,1,0,50.21825627,19.9,1,0.074,8.396691534,98.58,0.171817809,1434123,Wołomin,wołomiński
wolomin,2017,92,0.734275885,0,1,0,52.0984081,19.9,1,0.057,8.404962699,98.85,0.245292351,1434123,Wołomin,wołomiński
wolomin,2018,118,0.684875987,0,1,0,52.0141016,19.9,1,0.048,8.418585793,107.13,0.253105551,1434123,Wołomin,wołomiński
wolomin,2019,124,NA,0,1,0,NA,NA,NA,NA,NA,NA,NA,1434123,Wołomin,wołomiński
zabiawola,2008,66,0.74746906,0,0,1,29.68680422,31.08,0,0.022,0.639002182,35.1,0.016502392,1434041,Żabia Wola,grodziski
zabiawola,2009,105,0.81950679,0,0,1,28.65740077,31.08,0,0.039,0.6619558,32.3,0.015796224,1434041,Żabia Wola,grodziski
zabiawola,2010,107,0.894599358,0,0,1,27.18129927,31.08,0,0.034,0.697903822,32.3,0.018373054,1434041,Żabia Wola,grodziski
zabiawola,2011,90,0.792659487,0,0,1,26.62052442,31.08,0,0.039,0.71260552,34.1,0.01627318,1434041,Żabia Wola,grodziski
zabiawola,2012,94,0.796897792,0,0,1,26.04166667,31.08,0,0.041,0.728445414,34.1,0.012059868,1434041,Żabia Wola,grodziski
zabiawola,2013,97,0.851088242,0,0,1,25.29084471,31.08,0,0.04,0.750071137,31.56,0.011379852,1434041,Żabia Wola,grodziski
zabiawola,2014,100,0.859191124,0,0,1,24.71882338,31.08,0,0.038,0.767428626,31.56,0.014953334,1434041,Żabia Wola,grodziski
zabiawola,2015,46,0.854497164,0,0,1,36.37686431,31.08,0,0.034,0.782225173,33.26,0.014633092,1434041,Żabia Wola,grodziski
zabiawola,2016,52,0.963683453,0,0,1,35.69303986,31.08,0,0.03,0.79721142,36.08,0.014392453,1434041,Żabia Wola,grodziski
zabiawola,2017,46,0.929943546,0,0,1,35.12469266,31.08,0,0.022,0.810110974,36.08,0.023545891,1434041,Żabia Wola,grodziski
zabiawola,2018,66,0.850068679,0,0,1,34.43130954,31.08,0,0.023,0.826425116,31.7,0.050491244,1434041,Żabia Wola,grodziski
zabiawola,2019,111,NA,0,0,1,NA,NA,NA,NA,NA,NA,NA,1434041,Żabia Wola,grodziski
zabki,2008,462,0.922975808,1,0,0,41.63670086,9.07,1,0.025,24.06102004,45.2,0.544329822,1434031,Ząbki,wołomiński
zabki,2009,389,0.96938507,1,0,0,43.48771472,9.07,1,0.038,25.13114754,50.4,0.557350516,1434031,Ząbki,wołomiński
zabki,2010,497,1.018286992,1,0,0,45.49112923,9.07,1,0.04,26.02641166,50.4,0.582369745,1434031,Ząbki,wołomiński
zabki,2011,497,1.015343556,1,0,0,47.19366257,9.07,1,0.042,27.01730419,65.4,0.570027292,1434031,Ząbki,wołomiński
zabki,2012,478,1.016359892,1,0,0,48.57670261,9.07,1,0.051,28.12295082,65.4,0.399619639,1434031,Ząbki,wołomiński
zabki,2013,465,1.052899442,1,0,0,53.31827876,9.07,1,0.057,29.03825137,65.52,0.383562207,1434031,Ząbki,wołomiński
zabki,2014,441,0.976245281,1,0,0,57.84922665,9.07,1,0.049,29.91256831,65.52,0.461716592,1434031,Ząbki,wołomiński
zabki,2015,407,0.973607423,1,0,0,65.05411319,9.07,1,0.038,30.7996357,61.62,0.429983765,1434031,Ząbki,wołomiński
zabki,2016,374,0.962322132,1,0,0,60.3725851,9.07,1,0.036,31.67941712,182.98,0.439379334,1434031,Ząbki,wołomiński
zabki,2017,459,0.959904244,1,0,0,64.29969248,9.07,1,0.026,32.57741348,182.98,0.512430251,1434031,Ząbki,wołomiński
zabki,2018,473,0.919134323,1,0,0,57.21135509,9.07,1,0.024,33.4298725,66.2,0.585539341,1434031,Ząbki,wołomiński
zabki,2019,492,NA,1,0,0,NA,NA,NA,NA,NA,NA,NA,1434031,Ząbki,wołomiński
zakroczym,2008,10,0.361326737,0,1,0,15.97699313,35.76,0,0.038,0.872942817,10.1,0.045530789,1405062,Zakroczym,nowodworski
zakroczym,2009,0,0.400623587,0,1,0,16.11863314,35.76,0,0.069,0.865271967,10.1,0.071441196,1405062,Zakroczym,nowodworski
zakroczym,2010,12,0.441531694,0,1,0,15.93371574,35.76,0,0.075,0.875313808,10.1,0.043559089,1405062,Zakroczym,nowodworski
zakroczym,2011,0,0.417313614,0,1,0,15.99232368,35.76,0,0.09,0.872105997,10.1,0.18393746,1405062,Zakroczym,nowodworski
zakroczym,2012,6,0.531015625,0,1,0,16.1394448,35.76,0,0.098,0.864156206,10.1,0.098192401,1405062,Zakroczym,nowodworski
zakroczym,2013,0,0.444606697,0,1,0,32.24246332,35.76,0,0.092,0.865132497,10.1,0.142431408,1405062,Zakroczym,nowodworski
zakroczym,2014,0,0.471467138,0,1,0,32.35198965,35.76,0,0.095,0.862203626,10.1,0.041322276,1405062,Zakroczym,nowodworski
zakroczym,2015,4,0.437102097,0,1,0,32.44646334,35.76,0,0.075,0.859693166,10.1,0.301123947,1405062,Zakroczym,nowodworski
zakroczym,2016,7,0.45764348,0,1,0,32.65839321,35.76,0,0.065,0.854114365,10.26,0.151771799,1405062,Zakroczym,nowodworski
zakroczym,2017,4,0.453003177,0,1,0,32.72786778,35.76,0,0.056,0.852301255,10.26,0.185907468,1405062,Zakroczym,nowodworski
zakroczym,2018,3,0.427651734,0,1,0,32.88391976,35.76,0,0.048,0.848256625,10.1,0.010533217,1405062,Zakroczym,nowodworski
zakroczym,2019,3,NA,0,1,0,NA,NA,NA,NA,NA,NA,NA,1405062,Zakroczym,nowodworski
zielonka,2008,81,1.377698797,1,0,0,40.36443317,12.93,1,0.031,2.181932562,6.9,0.027136341,1414063,Zielonka,wołomiński
zielonka,2009,77,1.301548949,1,0,0,40.19292605,12.93,1,0.051,2.19124308,6.3,0.365348577,1414063,Zielonka,wołomiński
zielonka,2010,86,1.224746291,1,0,0,40.19292605,12.93,1,0.05,2.19124308,6.3,0.063433558,1414063,Zielonka,wołomiński
zielonka,2011,86,1.149312713,1,0,0,40.14682267,12.93,1,0.053,2.193759436,6.3,0.392861247,1414063,Zielonka,wołomiński
zielonka,2012,128,1.180277636,1,0,0,40.24376222,12.93,1,0.064,2.188475088,6.3,0.162112489,1414063,Zielonka,wołomiński
zielonka,2013,81,1.130415111,1,0,0,34.48672261,12.93,1,0.072,2.188978359,8.1,0.29943195,1414063,Zielonka,wołomiński
zielonka,2014,86,1.090263839,1,0,0,34.36622945,12.93,1,0.072,2.196653246,8.1,0.31943661,1414063,Zielonka,wołomiński
zielonka,2015,92,1.088352253,1,0,0,34.30924062,12.93,1,0.058,2.200301963,6.34,0.351994127,1414063,Zielonka,wołomiński
zielonka,2016,77,1.118502725,1,0,0,34.28767358,12.93,1,0.054,2.201685959,9.1,0.299511522,1414063,Zielonka,wołomiński
zielonka,2017,89,1.143695978,1,0,0,34.20947602,12.93,1,0.038,2.206718671,9.96,0.397068858,1414063,Zielonka,wołomiński
zielonka,2018,93,1.058410909,1,0,0,34.11222923,12.93,1,0.037,2.213009562,9.5,0.458546221,1414063,Zielonka,wołomiński
zielonka,2019,105,NA,1,0,0,NA,NA,NA,NA,NA,NA,NA,1414063,Zielonka,wołomiński